-- phpMyAdmin SQL Dump
-- version 4.8.5
-- https://www.phpmyadmin.net/
--
-- Host: 127.0.0.1:3306
-- Generation Time: Sep 25, 2019 at 11:06 AM
-- Server version: 5.7.26
-- PHP Version: 7.1.29

SET SQL_MODE = "NO_AUTO_VALUE_ON_ZERO";
SET AUTOCOMMIT = 0;
START TRANSACTION;
SET time_zone = "+00:00";


/*!40101 SET @OLD_CHARACTER_SET_CLIENT=@@CHARACTER_SET_CLIENT */;
/*!40101 SET @OLD_CHARACTER_SET_RESULTS=@@CHARACTER_SET_RESULTS */;
/*!40101 SET @OLD_COLLATION_CONNECTION=@@COLLATION_CONNECTION */;
/*!40101 SET NAMES utf8mb4 */;

--
-- Database: `payroll`
--

-- --------------------------------------------------------

--
-- Table structure for table `applicant`
--

DROP TABLE IF EXISTS `applicant`;
CREATE TABLE IF NOT EXISTS `applicant` (
  `id` int(11) NOT NULL AUTO_INCREMENT,
  `position` varchar(150) NOT NULL,
  `name` varchar(200) NOT NULL,
  `email` varchar(200) NOT NULL,
  `phoneno` varchar(100) NOT NULL,
  `ic_passport_no` varchar(100) NOT NULL,
  `nationality_id` varchar(100) NOT NULL,
  `address` varchar(300) NOT NULL,
  `is_pr_singaporean` tinyint(1) NOT NULL,
  `postal_code` varchar(100) NOT NULL,
  `street_name` varchar(200) NOT NULL,
  `building_name` varchar(200) NOT NULL,
  `unit_no_floor` varchar(100) NOT NULL,
  `unit_no` varchar(100) NOT NULL,
  `dob` datetime NOT NULL,
  `gender` varchar(100) NOT NULL,
  `skills` varchar(500) NOT NULL,
  `expected_salary` varchar(100) NOT NULL,
  `last_drawn_salary` varchar(100) NOT NULL,
  `uploaded_resume` varchar(300) NOT NULL,
  `about` varchar(500) NOT NULL,
  `pic` longtext NOT NULL,
  PRIMARY KEY (`id`)
) ENGINE=MyISAM AUTO_INCREMENT=48 DEFAULT CHARSET=utf8;

--
-- Dumping data for table `applicant`
--

INSERT INTO `applicant` (`id`, `position`, `name`, `email`, `phoneno`, `ic_passport_no`, `nationality_id`, `address`, `is_pr_singaporean`, `postal_code`, `street_name`, `building_name`, `unit_no_floor`, `unit_no`, `dob`, `gender`, `skills`, `expected_salary`, `last_drawn_salary`, `uploaded_resume`, `about`, `pic`) VALUES
(11, 'IT development officer', 'Shane', 'shane@hotmail.com', '81302793', '930428135354', '116', '12-D,Lorong 8, Jalan Batu Lintang 93200 Kuching, Sarawak.', 0, '', '', '', '', '', '2018-12-05 00:00:00', 'Female', 'Everything', '2400', '2400', 'pdf-sample.pdf', 'This is a test.', 'data:image/png;base64,iVBORw0KGgoAAAANSUhEUgAAAKAAAACgCAYAAACLz2ctAAAgAElEQVR4XrS9adCm23mVt/Yzv9M3dJ8+o3Qk2ceywMLxLIOdAoMNMpC4MoCxlD/5kSqKkASMwdhxjAsyAYWRbRlMMKEyuMgffmaqImGomMQVm1CQVMygydIZu/vrb3inZ05d634/CZKQIkhq+VhH3V+/7/Psfe97WPe6106vLL9/LpRpmHsd9USaC82pUK1a87xVkW3UT0cpPZRSppRVmqdrzfOgxN9Ms6p0oWE+Ks8WSlpqc1Ho8fXnNPD35kJJnaYknS8vdbe7UpHVyudGh+lGKUvKi6WmcVQ+l8rTrHnulavRlHaq8rW6odcwT/78MdUq8kqLJmm7fVOzjipUKdNS08xz5spSo25qVaRz5bmUxkZ5yqTyVvv2TmVaqEznSqqUiknb4VbinbOVtv3ryvKNsuxCZVkpV608yzWPs1JV66yqlFcrLVaF5ixp3RRariWNmeY0KZukrJIOx1lDJ0mZ7g6tDsded9u9pu5GzeKo29tOEz+QJmmcNeWDxrHzdw4df7HUMF/F+2SVkjL9qtde1S///U+rzBrNGjQOeyXWnzWarpXxPvOkMq2U1GhUp34+aOQpUi2l1ns4zoNm9cpmKZ8LFVoqT+zlQoPulFQozVKWzernO6VUqB1vladSlTYqs3Mdpq2ffVSreS5Vp0bjvFWjpTo+I0n93PkzM2VKqVRZSX2X+/fZ3zLNSq8sf9/MMkmzRv8FPqhVJqlIlTRXmlIv2SB6ZVponG+VUq4Zo0izxikpz0plqpWlUt3UaZz3kgat63Pt2r3yPJOmQvM8alKnMtXqp16zZqWsUEqT0px5YbO51qxJSbPOzzbabQdVTa62zXScDyp1rindKfnvD5rGVsvqeR2GJ8rT2i869UvxYou60c3hSiULUM46dDu/fJ41SpKSWPRWecqV50nH4cjWKs/OVZaNNElVkZRNS435rCortF6fq1kvNKVM63XScjl5PbJ8Vp6zHrMP3jTN6rqk9jjq9m7Ucd/peLjWsWWTZy3KWdvdQePUKs9LTdPgQ1ZWB+2O+zjkks6Wa233R41zrEmZbTRox0vaMOsiVzcMGqatcg5jaqSs18yfp5JV0KTB+zVqkOZJcxpUZisf2kprKQ2Scg1zqzI702IxaX9o/bNZytVhcFjFPKlK5+rm7ek5tj78/D77XWS5pnn0wRimluXzz2PYVXamcbRlK5tLlVmm9NLy985JSa88ekFvPH5yMkVO0VoTL6ncJ4IFDWufNGeTF6fQhbJsVDcebQh5OvNDjOKhSvXTTnV26ZdfNmc6tAfN03wyAF5qb+/Sz3uf3mnu/fKTeHFpmLdeYE7vzL+ltfJq0jwk9eNOZcYmjxrn5IUf01FZylSkhfqRxa9PG5Z789hovMk477RsznU8HlVlS6UsU9sftFxV2h9G4camOffBqPO15jkXRwO3sFqslRULlYu11meVlms89qzFIlNRzKrqPA7zKK3Xmd5+c1Lbzmr3Unvo1XeD9oc7G+E0HDWNR3vZbu7i8KnUrIOKVPqg9uPB7zTNrAAnBoMgOo0irMxp783Hg3EIeowwbex1OFD8GOvIwayLSvuBPeVdSh/4lE06W57pZvdMmjN73EW11NTP6rMbZSMHGYfSapyPtgv+N15wnjBkHBeeNXeUyXn+/KhhmPB7whWyfsO8U5Utwo7mnYpsrVEHPODvn/FCGI7fT5km4mU2+YQMI+GgVZM90DAfbAj81Gq11H5/FC6C09v2nU8VD4DbJ4R4IQmNYT7qdadSK5+kMKzG4bPT3gvIoqZcXvQcT5yulU1nPsWkCBjLclnqdncrTKIoc5+4/bG3IR/HaxVpZU/eFJc2zsIe/WgjYaFYML5rnEc1daZV9UC3uzuNE28lTdmgaapV5ksN86DL5YWO/a00LbWoamVFpnaSHj54XkMqtD6bVNWlykJaLjMVVa+yqNT1o8ZB6odZLOHxkNTuM419r8PuTt2xVd8d1fZ36thI7ZVltZp0rv34jtMQwhiegudPGu0IMEbSkVF48tKeZpo6FVo4NTmMT1UkwiRhOFM3XflgN1WuYSiVz0sN6qXUqR3v1OQP9a6XL/XmGzdOtcqCA8daEOF6TXMrErJR7DV7xAFI3ov99IbSvHYaRlSpm9IHy2s81+qmGxXpwodmxqmIw5lUpg15kdppq/TK6vtnzbnEF+VL9ROhM6nUmVpdqcoXGkcMq7LXY1UiVONdwmQnm9ioMlv47094SXusTPPMqahs4s6IsDAvXKdh6pWlQsO890OVVaGxz/yyeJqUdbrZ7mIxfJoI0zwHIbPyoSnzhTrcjYP5pEW90q69VZWtbZTTNPkfadSDs7Ue33HSczV810BIq52rcrIHdUp5qXHqVaSljTTLkgofDjxKaa9YlFKzvNRqtVIqMpVVrqaZtVxJ9YJ3ZI3kjRwHcrVSfTvp7kbqDoTjG+XTqN1+qzxLagdC1dGpDOkEz8pncOjSPJ884N6HCa+YZZk2y4eRU84HfwaGslkvdX13pSKvNU9LH3O8TZobbziRjsPP+vJ+7BlG/t5XXtLn3nzmqIGR8SzkgHhmkb+LPSD3Zq3w0hgnqRTrTvpVKaVBZB5VwoZIF3gPDDNXgddMrb04fyfsZ6mCv/eu1Q/M0ykhxdNME95k7R+a01bl/ED/3Ae+Un/77/2yX5K/6GR/zv2gLAoPOmpUVea6bR87vxIFRUYmOSs5p8N2SUYnzYQOZwfhlYps6X+v6kLLJteT651PDGbMw/eccM7ImJ08JeaYa0ojvxk5Dwl4GnWxfEFXuzd8hPAODy8f6PJsqX/4mU9pnT/U7fhYmRoViU2bWB7nPVmG4c0uliJ0l5rJeRNh42Dvwwawh1lRqGmWWi0vlRelqkWms7NMeTmrWSbl+ah+kLKcgkjqOrxg0vYmqT9OGgnD+zvt99fad/vIscZOVZm5cGFdh5FEvlbO96nSMN6c1vmoptqoG7fqhtEOAiMpbVBxzLsRTz+qpjic9g6ZPvzeEyIUBQR7g4NotVos9erL79Lf+8RnHErTnNTNV1pkz2uYoqDIeZZ84c+r9byO89v2rKxTkS18ECjqcApTap1qlRnFDanYUZtVqbtd630n/B6nW5V5rfTi8t+c8VAYEr9GKtCsdo6FwfArT4vwOlpG3E6D5onzRYnJa2T2YMf5xt7QhkbeSMlSNdodb+yxeNCsnNT35A5HFyXhQ+sofGzMUZEP2soHIy0iHE8scqMiy9QPo4qMRSI/KjSTNjjJlupqoWEYVGUbnZ01enbz1DkSvo6N7keq46WT7syH6P6deVe8Dp/NgmZSNqjIM/2Of+kb9Zf/8v9pg/ZBKhrvX1UttFqcCZf48CHeUVqRz1OZNpOynAOHUWXqMLx+thfEGDuKjOmgQ3dQ1w26Pd6qLApNfYrCbt4F+kBh5h2imMi8DinvfShnoxC8QetDzn/zjqxfkS+UJsI3+1Y6TjlKEEVUa5o7jTp5+lPOidMhj3RE9Hr2qvJGwzipyi6893z2OO3s9dh3p1NUvBM53rnTS7wjhj7MOA6shCh15yKVw+BVTKX3Lr1n9YMzm9eUK+ctuOWoQAl7UfXiMVgQTjN5Xl1m2h9JbLHwVRQgatTNOxshMAc5F54tXDUJqVRkAYcchjs9OH+ku+1Rw3Twhs8zXnHUROVHjlE0OvSt8mKMP5sw6cbPwIISDg/js/BiqfbLssT8u1ODmWowCgRSASCCft4ZfiEMZGRNOWF3UjccXL1SfQNdOMl3lS+V+WxYox35/Ukpb1QQpudBTYVXWKteAss0yspBFxe5mkVyQUIuhAFz4KYx0+5WGvpJuzv2t9duv1c2j/pV71/rF/7O2zp2B0MxwCPsyTTGQW2aQmNbanSx1/v3WHeM8Gx1ru2OYo1knwMbeRbvwT6vinN/ZkQcDjeFGtAY74oB8i4HRzccD0UCxYqLuhlPPGpO0nq50PVup+UyV5oKHVsMGOPGA48uaNibLI0axuRoQQDsp4PSlIfhE9azSmXTa7uPgjN95eaP8FcdnwlFeLtuxlqxZPwRGBRxaVAFvgSakvYaegwsd/LOrx6PNlNogMuVpxxq8MtGLlA513NWwO/hYU6ei3zH/55af8cwjUoZZTw5CnlYFEYYCEvL52U5FXDyS2JswAQYLqer0PqUh3bKs4BF+ArggYY8d4znwnjP1kvd7vbOX4FBunmvIuNQ8d2ufVV4U8Mgi6K6Tx60bpaaUq6yXmixWqioS4fisprVNDzbrKIq1LUc5KS+owiRjvtM7X5Qezga6pim1sbXD53GkVOOwcjPM8+dFtVCx+6o4/BMdbbxn0XZuFdVAG0clIyh8gcUf4PTB9KTOl9pGA4RPVKtw3zlQ9pOYIjAbHij8I78X503xnfzqotnJiefcUqFq2pShbpq1LZHLUpy/k7TyOEfA0sEfkqdw/GiLnXogPSicA1YKNZxdjompVeXf3DGkwFd4BVcwToE4LkOzhuAIoaRkwcuBc7DF+DUA1Akd2xttLWmFAkuiTz5VVWV6rvksMRng7eR2xHOgRwI5xjInPgzjI88YY7iYsKbXkZeMfdhAKlSVZY69FS28RI+9YCaiYQ42XCp3nkeChHCluELp8SN+hlDB//rTkY8O9wBuHLA8A6Ga0ZCWqHShVIfFX2Gl+Y7M9VloVQUUlGrbs60WJZaLmRIZrGWw4+KpKYBgB019ADak7pDpsPd7MKkPR69jngxfiZNyYVcj9eaMg3j0UYEMlBlQDOsVxzQZMyN9wW2wVHI61cWScMQJko1yiF01COMp0FFM+lwwG9xMMhT8WpR5AXk0zmicICiGs5VFeR/vHvgIKxLUy7V9RjVwYbM5wBfzSme3VCcPeusHrgpFXZakQJgsr3Sq6vfP5MwPli9rOv9jSuTccbqA0jGAzY5Se/OiWuAoyx+o3YAZgGTKtTqOgxInRcDPMoIuBPTUWfNpYrFqKtnhAu8YGWogNwBV8/ppJAhxLhQoQiYclX5KvAmgZctbXDdfKuComEuvPiE9cAKW4fLomSzA7pxAZyAEzoDoXwvSTiV4Zh4/pVPrAFa51h0XEon9VFsgSvynHuVeeO8bpyOqgvyyKQpJZV1raysVdW1ztYrldWkZgE8IxcoGDXmQDFS5XRwRuVjrdvr3gUJhUe52Omdt/bqO54Z/wtAzUbOajIqcsIvBRyRgk4GoZFKR8YcG1CL+VqFNupm4I9FQB9zUg3sRH6oMGCcQW3PSYjsVOWFQy1/LyNXd8rCmpPeVC4qSY0I34aCyDd94HmOZAdqR5CDOGQ+zBhy6dQNK9p5jzDcALHvIrrmk9J7ln9wrgoegLyAkIO3ilDHPzYOAT7yAK2B3ZQabVa1geVxwJhw6Rgop+hkpC5gIjcgF2TTVnWjQ8cpIrzlKuZNnNJM6iYWOKq4qmy07w/2yPFsVHGTlvmZOxWctMhTC/Vp52QbA8NoVmeZUr/U7fHOxsxJE3mTzYvFrU+4JAAtEEZjvC/LMOZBdREHqsor9f2glI+ax9wbzRIO7tQkwz3DOKgoS+eFYGBKjc7Pa3tSAOnLh3j2URUNlZmqO9k7HXYYXq7jXur2STe3O62X0pPHVxqHWLND36ksAtoYMEoXR6QleECKo4VeeXipt26u1Q60THPnXgDTGCHQkj1bZH4OkU1aqx0pLCqnBvbAM44i4J2yyNUPraqi1GE4FY4iHQkQPvJ0Gg61srlRXmAT2EDvnLjON24qAGSPQ1LCczZJh2PsX6R65Kk4D5yNMMA/RJPTEGGRHqjTdVRLGBt4WUY+NZ4snlK/Vzf1ju9d69RXvTsM9JDZSOAMTsZg/Cxad2BcozbNSg8vL/WZt15X6eQ1U0m1pL0rrcUqabvr/YIsMC+HN+XlgAaM11FJO7SOzgMP0xNpbOK0KRaCRQfTdG7KsxnP6nV5WcswoBP2UUMiNHPQanU+pfRAAZxXysuD2kOpohiksdZxAC7Cg5BbTapKcp3cUFNeFKrLjZZLQkulZlHq/LLU+rxXh5Mq5X7xOPJdeHapb6X9Nhn/395N2u92Gg6durZ1+kLKM4yzuvFalRsCrCl4Za1+7lVXs+Zu4efGO61WhYbDStvhSrXxXHBZqv5bNfmFuunWjsRh1d6t8LMTIql6XXASIlNtj/is/awN2Hk/vWF60+CDia5Sq0V6Xt301LCNjIwQNSjKSBvuC0o6ZtQWpA8rQ3xnm0p3d72Ujc5n03uXf3jGeLBMQs0wdVouah2PgM6jmoLGKm6V5B9Mh6qVhe7tSfhSwhfwDZ7z4myj27uDvxjzfHCR68mzm+hOpIeuIPkOvAEVGOGRU81xKKpMx/6guq61b4FY6BcCqkYVtj/QsmuczJJFUpUSeqniHJ6MCQJ6g8VFL5a8s6DXPNeGbuJwTFHtNeFp2OhFdaZjvzWkw8+9+OJGj9+h9TjYA1PBcyAJf2wYC23PQM6YCi2rBTW8Q3PdbLQ8q7VcJ5XNpHqR7AlYMxsu4PiQ6XgAEyx0dzOpPYw2wO3uVsPQOjym1Ksb915/oKXMhQXpDbkp309xsXaL0cA/BSIlKzHREE3utcUP5tWoueP5iWKRGmEYxn7pB+dnhkoI/RAOKDR5TxAK/jvAdcJ3eFVCu0MwaAdrTZPCsNwUlXPQCwxMd6JHTZpEB6p1IYgnBuRPr63/2EzLikWMB6cSWutd717pM5++Oi04myYtmkptm4e11526Y4RsA5v+RQUGe2PSxUWh22vaRORUJEGZFmWltsNQCe7hqYJBUkn0D0c8ZikVLHRAEZT5GDIAqMFlu/HB4ZYihZBf55XZNOTRFApjNkY4pZChE0BuN85aZpfRbCfUTEAPsqEex1Z1Xmua6Key0AdVBY16QkemzYo8dtY7V0+1rh5GQl3wrsmFSF5m4nxiFCTrZbXS5mKtVCaVi9GefbVJLnjyQqrrWX032wAJ73c3s7YUJbvW8MzxuPOhaIedIZ2nV+S8JPLka0uzYfgzvFWaR+enq2qtdiCP671/UShGpQ8RIy8werBTAG2KP1qeg/KC0B0dCg4IRSJRBqCbvI3oV6UzV/ZHOnjk0xNGiBPAiy1V1KMOR/DUzn+fva5xUpNPpzsvRDC35GyoYLdglbXS+5Y/MrNobFI7HdUAJmY741budrgiAgOkzKdNE3SeMILVCdjEKIFKCk0ZbIqFAeqJthz0JJ/ByAmpZHPDLuRTER4pfFgoqqwFVJ/52QnIxngJwYd4GeNygTsZnNKgzWJpYBrDdmOcJyRHcRsOo6SbQuERsAInFmgjQHQWJLylqzZ/xWgvCYpPyOHw8HkOZz2tKv43XZLJC46huofvsE9VXmm5XKlaVsrLUhV0rVXSYkMeB1ANySE6RGUOUSHT1dNR3V7aX8968WHSpz517VwMA+nosZP29BSE0QalH0sY3awr7e4IqZGjkboczVJpXFzQhYhCMjNRg/WIXjx5HAel176FXBKe1UZFZMoKLZbS3V10VMyKMmDPn8Fiit69O/p4PPwWz4ALyohIfDcrQni+B2Ei7WHdHDZ4Lir3r1j9kZkHBrgkTA3zrXOgtuu0qi5c/rfjicKUl+4XGlz2C+ORpLyY1aQHuuuemd/nfq3/Ew11AMhHl+d6+/qdqKBOLa86Z4GiNTfh+TAGTt90F24d5kw6dTCzKvqQ5GRDgM1OzE1UIDfhYBAaMSA6I53qcum878kVgDeQUWVszVmguxqFgRnjfVPSqiTX29mIc4oSF0ukDOQwVHTRE8erU2NRxWmGBEA/96C6CgpYKpLqZq26WWlzzkaPunjIO85arQKrzHJpGAhMk7bbST2MmTsKqElPn2x1bI9RxYOsHiEb1IaFCKHkUnVaOicGdsETEjl4vizH0wYjh0PIYTPkMXeq0+ZEKIn8EHzx9nBrOGec4XWuHCqnjC4NcAqkAjorsWY4nyonrAdcw85gSjgZvFk7PtPLLz7QO29FKsP+A3f1InrxphH+8YDRX5/wgD80Q60hnuPxKBZUQBMihwAwjpKfL+MF4aLh2gcdtMhXOox79ygJvcYNT3gUGF1JvqedsUT+t9s/hlyi9RfehmZ1oPLRscBLgkHV9kSwLropCAk4jrxISiNtIKrj/lT6x/L0anW+uNDuSNcCzKlUZ+MkEQbzw2svzByhKxJESTYs8hVCs6llSVrllzpOB/8eG8phKKjWyQc5/Vn0s2fTjcDfendvCkJyXqlqFsqKSqv10gSFaiHlJaF41mIFSQF4ZlTf5z6QHNRnbyUBWbb7TtfXd9r1O80THZFeM4n9iJce1Q07HwKqTtAF2osL/p29ygYtF0vtD4RKGCz3/CWcAp0LokEYRJlV7vDUVaWenHMKlkurCNMccNIg1gtjAY/cDc9ccDqq6E6r6kxd1ynLR7U9WGn00Yd057/H3vPM2BYgP/glz0mqZBz4q9f/wUxIMSA8hlW70iFuuwsSuY1bKo7nmBr5TxQCnOtVs9axnU4vhk+pggemXj0JLo1yk01705sO+1lZ2eo4EBbplERO4B4kHo9yP006X5zr5hDUK7xBQClRjZHXAAVgSORvVMRsBKSE+0WnQqOixCvjAS7PVmYiU9SA6mPgYI6A0yTZtO4Wi0bb3aAB9rDbkQHosqiukk2uCOCbHMktOhsjBkWIqlQ3hWlbeblUs2YDGjNlimbW2aV9vtkzq1Wl9kgYHjT0mY5baTjOun02aLc7OifDE9oA+1nzBPeyd1HiznXq3TnBsyyLM7NqXGCYzgz/EY8NrDS70OB74eQ51xMGEfAI+1xXhYYhukzRtQIW42xwaBulHAcFmjBoTIP5fu6ZE5Xo+NijB1vKPEN/Q2VQGqdiZm8ijEPvIg0IWCd94OyPzpxuHpyHBStrKe3h0kGBx2NlAR1g+ZqwbiqkYDtgAPx5OwbuRDXc5CstL0a117CIj1rmD40ZBnMFT8jm0ju+DVpQ6rQqHzgn3B5vtC4e6TBea12tdRhYCNKDIFwC20wTHnXUsliYU0ZViEct85X2443fhVy29SGilRddjboo1Q/R324pQvDiZgWzrDE+QE848pk6MEFN2g83xgZJSYLYQMtsOoURqs8wvnbcuzuQitnhf8qSqnqhZlmaGUNV3GxmNaukeklvnLXAlqOC7Q7JmN+zd0qzwO92e9G72+52WpWFdvuDyjzToQu6FKA5BnUct1pVC01Dbtb3sZuCUwnASltuJHrwReSDEDsih2e9iQiAze1MmsUhjD12T9zN/9mRbjdcGUSGwGrCRh7R0vkwubZ7z5GH33NKjT6YcRM56sXqXFdbCCt4wNzRJX31+o/zKl5Y8CMDnXgjsy+I/UmrZqm2A2oZVGqt/fTs1NqCDr6JUFj07vvhdml/mQmRNWZ4tD0kgKU9DF4OgzFXDqCYE5fA2yLMEVrMCk59EBdPhUv4jcgr46AEbYgxgaZYhKG60oo2EVU2eSSGkkOLwjM4eScsg8QDtwSjujDJdGcDxHNQGFH5AeE4RJuiX+o43mq9WKg9hrc0aGyMjJwu96bEKafaLU2YrapGJWG5gD1dqt5kWp4Bzcwq60JFEZ9xPEKhTzrukvZ3s3b7Ue1uVrfvNfZbHfZHzUOhlOMRR3twCi+zlUrp0J7C8HQC3zPacAGu09m4h0l4H9KFGk+9mm30PQiCQXk6LuQjdECwvSxwTjiTY6f3vfpIv/K5mxMuTEcmCiK8GcTioLYx/wOGHBGjnW6dBJTGCylioyhi7XmO9JWrPzJTOuMan1s90oFTqKMOHnIhIJdaV+dqex6Klszolo8LuYl5EbwTrpYXrX2inLOZJgXrpDIUAtOXz2vnW1XEf/PuSh2mg5NlttkkTHJQ93hJ8FfKISOchmXwenyH+51G72mAY1BbG+vl5ULzodLV8ZlPXQUzecSTLw1cs5hgbDxbNwRD5IWLM922d+o7hmjIKTNtajAxaOVsxWQPRxihslwW52rHm8hfWIJx8O+xcTwLqQJhCG7gxMBPDuyCoZELrtScY4C51pe9K+RFAwwC8TRTe5g19bl2h9H94uunkzrSgXavuW/VtniY0RzCRw+WevJ0GwSSDFCZtmWptsVDUShCrcrMXIH8Sw8Xkq4LAbPsZn8vMBd/rzcWO6pPtABhn2/03MOlnj7ZK0G9y2XMF+8XjoPio/V3LbK16jJX29PvhawxOm8msjkd4kCCitidhPMJLHlSev/m3ycAuFMAPw5iAn/gRJWFFDxBiKCRG7JpfAGJNXlKAJUUsKeYbvZtgNiunlwWckJKt6lub+hWHE40HlpVSfUi0+EQXQyzgbXQ2Vmlww7v+AWPafYNlSkAqauq2DgcX7Cvo3KzBwXuKYJUgWeM/KdSN7Q6W9e63Z2GbMx7oy+JkfWm4htArXO3kPiORblxC3BRV+qHwLIgWXQtxQ5ZLAXT5HckR+ZwHd2SWjktKUvyQIaXVmrOFkr1rIvnkqolOWduD+xZGwbkhkzbu8G4YLejVTepP3Rq93vt95CEg1ya55OOLeMDU/z9IZwIXoU0oO1jficYj1T6rCvhdzYW6Ym2IRhNMb3I/p6wYPfOiUakFtFQoB9vzug9kdfDZ7dBdPUaAI/FbAqEWvr8pGUYX9QTkQbY6xE1stGVdnpt/WPUq47/5r9hgNSTE7QkEnoMjumySmlo1I4k5DCHw1Xzj/l/+aRh6LWsVzq0dDdA1+OzAGDpL7JYJLe09ygYCA8pT1rWjXbdUe9+/kW9+faTYG14NiN3/nEc41ncagNgzhZarZNub3gxwnCETYdFtwCpco/2XMA0FAt4N7v/OaAfYBmMjU0qi0yvvHqmT3ySMcgoO1yYUbknMK8goFIANEUTbbyJFlYQdgmd/MednRNTPOUYXgxF8Z5NAWBbmjtYrQqdP5c5BELnr5vZXRm+b7cnfGU67KXtjbS7JgyPGrtWYztoe7iLZj+DUyAVGcVJZnCcdZR6SRkAACAASURBVNkPASAT8ICj3Cow7DioBz5iP1OnRXnuYhJWEeWCcrwmw1hgebkLGlx85G8y4FyBhU7JXRplpFuN50tc4K1rbXejjsPBveZFDnpBhyYKmSCusk8RGcOpFUofWP+JOSCYWETPHHhms1Fr9kP8JXwwZfthpMnv13OCSnhbL3mRvZm952umzUZjh5s144S37qUu6oUOHTMMwWyORBVuYQw1EUooOmg9jT30n1JHt5+YYRhVActA+yEPnMDtYInQ/sIQ6NGCI8RQlTsFxi4r52Ve1DJTRwPWOR0dBSbn8I5HD/NQZJBeXFw0ur4J3lqwjYFI8Gz0pRfRrPfBavXwwUZPnt75MyGa4k1slHmwe+Y8knQOzbJYKS9qVctSD19cqh2kap20uWAUgVmSQk2dRCE6j6O2W0UueJNr2I06bPGCkFNbXV21RhG2+07rRUzyVYS+rFdZjjrsgZYYKivM1yRqlTk0r/BEplqZcDraezOctWV01r1to33qR6ITjQJ6/KOZQC4yPF5Bvgr6TjQCvsbjkQtHS86Tj57qA0flCAZj2zglUTThBcNzpl//6l+Y33r6+ucbzwZb7UajXebG/wmG4QsJUxQXztXifDtJZWKM00S1aiZwkel8szKeBUcM71O5kc7LY76wbGBaSOvzTHd3wTGEps9Dulp2eyjZXUORNyESUoCYQQY/DHJjSxVMEWDEntwrwkbQSUuVeWFvc2xbDQOMbDxq7t/HOxumADTNK603C13dbB2CqZmmMXcon+AVAbt0rVYAzhQbI2kGITB3JUgYhDSAdwIPXNS1uzR4HtqFFYPuldQszpU3pZYXUrMePKaw3pRq+E5wsjFT38GcHnS4k7pdruPdqN3dVofD1nlidj/kM5I3U+EvzCAqCiJSrWNLgRIYILnvcdxpWdfqOqbRbrUsnnM4NJzEauHtT3hd9PGj14237z2GuTj10u9hKdKGgMVY68jDSTl4XwwMh4CBAslRpEW7EtuIWRwKuYoq+I+dpl6Deo6R7CeqRB48cikeAXc9Ar9Q7fhU47oXPh3kWGYBZ2vPP6Ss13YEk4q2i2dLyDTNNrlnSgTxlHK/TGemZHnwRygmXHtgxXMPnjExM82JNdxEPAQLBJCAEUZ4hq0C3ML7RneDpIqfY1PGBLPkoKZceBqO93IC4QktEnXAZLwY70mjPIDuoP/TN43Z1wJg1UNEbPrKrUeMlMU2DJIiZTFpo4Ad4izJ4RnCgifHloXyeqP1w6QVnc9y1tkFITtadFlBMTHouBs9T7y7nXS4SzpuW/WHVkN3MCOd70BNghD/6PmVnl1vTYOqK8ZAoZuFERJa8XLHY+Sn3amzE3y/4D3CRjLBAmIpftJFJIXZ0aOq5GslzCR1jjzeO4D9ItexP2pRrDznXWvlopMiEbTBHtDEiMKtQsLysincaSsBrX/V5j+cg9EQsZ2sgR82TcdeBm9H3oBBAW/gxskJYGGwkVCaoqMQtCcHQecZFUwNTqqrIhZkrzqdnZg0nBKKnhgaP1EsdHG20O0NphXEVgycBJ7TEsAxCTE/HixrjJ8qmhDQmWofQHFAtWHUlrEgNCSAYpr6hBRaezTfA/My8k/IoIdM6M0jXwTK4PuZz6BnzMGmYnSby2zuaMvhQVg/Nok8F9bPjEeJWtkMENa4rEgpmKxbqto0Wp5hhEkrzzYlLRp6fJlDOkZGr3c4ZiZ27G8HTQwxHQ5EQ9P0TSSZc11ual1tt14P2qXu2GRMrAX3xQdGKw2Jkcl4fw4hP4v3NOHY7Bc6IAGn9SLluYdjihASMKMFcBqAm57vwkVNP1K0UnXHSEAgGdLZaqGb7dZ25Lzc+0GbkD8foxPiYejpqT0I9SXeiqoxOiDsduEc7DDdqual3MrCsJhFyF3esyn4M7+0J/LpL2PEmS6fy6Oct8HFmF4YD+lTUH3q/FztgP4ILhsPs1ddNGaqLCtOGT3QQmeLhW73sFXAmPjvUmmq7HWHsXSizEI64SU35CVz+ISc3qOHxWM+BBYNuWe0pVhId3oYO8gmfzaJtwFnFgs2HoXLvLBH8J9RhWck9+A18X3MVNCPJQyFKgCuNjDCdUM/l2RkgHumF96z0nYHJFPo7AKjnHX5kLnjwBnBoQcGxXppt5108yTp9qrV1PUajnuloXThx3egn3MA/pozF0rksziOksrTjiUMZ9ReTbHyevJeUcVGo4EzSxHByKopZxw8929DpYEc2Hm2h1Jyw3GMR0w9s0AYfHhQDjPjA+SftOEGZndMfYq1B+bJqlFdn/CAf4Ks3mV5gzBOH1UjiWqEx41fhrBEwkq+4bYVHYORBB+vQ4JKFVi7S0KYJZzzGQ4B3nCeIEICRu4RBDNCooVmfRkL8UCihKqDJwkGtmdePY8yab1aaXtHWwl8Dpwtiyozp2vCYFIA1CyEuybkM7wPqH9RamQk9MTwhYuIZ7XXsrPiPekZ5xphMvP5p2Ekdw+czLMZ4E6AtNGId4Wv1gM8PtX2EjFAblzslFfzfs5NCwaZCk1FUrVYanVRqlomnV1QDedmdbtVSI5Ji24/OCe8vUra3cCa2WuCmQMvo6Ndh46MR74NKZGnE15pUS4Wsw47xlUL9cNgzwi3k4nAVB60P7C+pfJyUDdQBZ94lQTR2vHQcx/gfxxYQHazWk4FBYbNGhCBiFrRReJzTjM6qdBZE3vTw+y5n+NxPj9SBf9Hs2k7Hkbea51f+kQbVKUKYkRSK+WL3n1LD1BbbiOGfsD86gZFJxJ1hGtyd05ZDmg+kTsBw1TKJ3qHPBghnQEcip172n60dtxrzvC+IOVBl3IB45bTrTblmfqR8Ds6JER1Fo3EmHkNjiLPd/lgodtnFE5mdypjsg8vz8yHcUym+6J/a+5hHvCDK+cTnkfuxnuMfaEXXsr01lsAuTCFa7VQpKgaDdfEUE7ktRwc8D2KJUJiHMQYygFRAGdkw1BYOFO9rtRsMp0/nNQsobHH3Ph6Xbm/Su+cg3hzNWn7bNbdVa7hsNNxC5466bDHyx/U96ZHmBJVV5PHH8At7xGO4DrS2szsQEAurFRGoUnKUeQae1qKSKgEaP3+X73QB77uRdUV8FW8H6kLg1ox7sCnEXXA9iJfxztisMA7HNrAb1tPzBl/5EBSX7BTv2bzkzOJ/OCm5KRlI90eWtOlIZquqnPnDwCYnCw2MJuoZvdeJSNNQClUOyaYAoDClsiUN6MhAhM1E31lvgMsL4a3eaEgI5zo7gCxp5nde/YNHjFYMkHtMaPiRMCj/K+s/TJqkS50NPMWCAd+HzlLDGoXJalE50q0G7aGbfgZwqE1a8xvnLRZLNwCI+c73zR6dsfwErnZJBTT4AXSKyaPgkRrdgp4Xx4F1n7Yq66AiALA5bQ7HHeEJ8ijHBxadbOZ0RnaNk2poqmU1ckdkrOLTKsLeIOVwxcVNvyD3XZUdxy134569k5Se9drPLY67jqNfcwQs0cQ2Bl2pzgx/mZPjYMJwQCqfbA7Dkg7HoJxTpOsAsfFGTRm0bCOePEf/dPfoX/5X/+aE8QVtGOTCE40jVNkjXw7tFqcWkVOfwrXEX3vf+s0+RO/kT64+Qm34tgsGMSEGpJosLRISGN8jsb8toUCHmoGPLg32AYUOYbnJQw2xjgfSWepEPnxEBKsEbh/zi1mrarGw/D0yUMKJEBdtOZahIRO3YuY0IJYWqhZjdrvglmDCBBGQIqA1BcQD7kq+Z3nFsqN9uPBXripFiomxtQOpqYHfxKPgawZ4XYp5W3AQHAaSRhIGN3uI6c0sV3KR8NNhoEAYq0kwZ/HggI/ESXofcbYZFSVnG9CGH1cs8DxPGWuVCXNWaHL55mxzXT2YFK9mvTgIZR+l9Bue8KePu4mbW9HXT8Bmpk1INnWzrq9vfMagr9RiHnoy3+T/z41E9xpQdMwZnjvizTLkli6jiGsCN0QXCE37Nqjfuzjv0Hf89H3f8G6wq6+ZL/S16w/Nt/DJG6PsFhmx0wGXDGiXEhp4Q1yPffgTDd3NxYRCr2D8JzkEZz44/TUfV9rkHgyK2ACZilier5yoo5HYtPIsharTN0efIgeYWlmdoxHBi3f7aPTfEicvEE9JzobPY7Yk6MiKJQzm0E+F++BjXGgyMUYgkEUc847AfJbZWoiH2IaLHBFz7NCQZtII+5HL/lcqTvm3jzjZhygAVgBtIDKEHUsciGG0jH+TvMY1bWNzXkSbOSlk0aKIc/ZFghSUrRUKuqkvFlqeTar2UgPHlU6O8uNG5rY1uNJB93czNrfTRp2ScebSd2+092znedC0gDFCgk88uhIT0zQINQzJN4GOTVUEoLBDcoAQ4i1MwjulizIAoVk0o/9mV+v7/nIB758BvhrNj8xE+YMcQAnmE3MCWHKiSqReBmETqsjkA+6kj2pHqTBU3IUKOQMMcQdf58kHgPGBxB6mSU+dGSIQecO6Y9CC8YwoRgBkzBPWiXtAVJPmxdzINEi4nSbrWzxoqAj0ezvDngc+HEBkQT+GEA5OYmLBzxxNquqMt3smIKjz83nhOwHhhEeDeOK1h9VHpWo6f32tPwcOUzmXqqTfSspoAWD1xy1bEp75nrNYR4sQcLfm9DMOzHJaesVFQqtg4q6pgTWcrNQtSAfnJh114uvlG7R1Qw0kU+No25vOh12o549nrW/znW4O2g8jJZ9A+AhZ+z71jBLj0Sc54Bj/AB0ojNvMyYWYf5grFG0RPFgVQSOI4dsmvSjf+Zb9du/71d7Lb8cv9IHNz8+UzmZOuamMzMSFsoLzMcyDyHYSMLNn9P7bZHXpWp1CC61XuZmcwCOGkRGBMjgdZCoMEAL7Tjy8dkkvxgIwObG44XOTeZSF8u1bvdAOGAmARXg1ZaA0HRnPEdMYWFKjp8LQR/yF96Dw4HXJRwTXkn83Xai2Ehor0Q7yYXX1LpNiEClOzAmwyJS1KmAfV2A4I9KYxHtrIG2XlRwGCXvbw2AvHbojamUycM+ptOZBhaM6WykAIrkHUrau9+90pOng1I12RM+fH6l7WHWYl0KzSPyQdS2aviDdaH9nned3Wp79rjTcEy6eTrocI3XGtUfWw1M+XXGXVS7JUkeOVmn8F2vLPS512kmhMJBsGaoaoP1BCANXkn6EuMOlX74J79V/+JHP/BlMUB3XL7m7E/66+81YO4TTDYPrA9sCrgFPJBQ5g2iIZ0AIcmXMAKqoMinwAaZDzEFyJK80Ukx0I03nWndzCoYgsE4AXM9KETLLXkMlE4Fn2mcLaYO/Pn2hInuBN6J6hbOX/kFZoo5jFRdJPiB+vdHwPQ47UgH2/59mgMqwCNZxWpC8cAzfbZrS3oQkjl84Gkg+zxXFixu54k2+uiYePKOzyNNJCQ3SG9ABCB8BvsEfIy3IWLQ9uOZLAdShsRvs1yE3mBTm7R69jBpfcE/hYsLr39KJquSC95dT7p7NutwM2k8HLS/o9KUJvMUGTIPtVfIFuR6pLRetxFZN0RFQ5G1t/6fhVS8h0z6uW2mWT/68W/Tb/vIV3++gPhSeEFs4rYb9e/9/DOlr9n8SVPyPSRiVseJaAAVi8WF/jPnWq5KbY97a41Y5QiFAdpwUK5HcjTmh/FZoS8NW9pTYx4shz0zm1EDsZXciyEfaxU74NMHPvHrHGpPYDgbzAA6SP4wOiUIZL9WqzvLPqwWGAaVNtK9EFWt52CDx0PhZcGuKLAAl2MYvtaReQbUQNOkY49SE1zBUHDCy65XjY49Ern387BJFXrZHuU8hXbWy1jgbE+zqKDjB4BMGOZdrYnj8UeqzOjNLmF6tzFxhyJVVk1KJe9aa71sNGe5lptcWZVUb2adP8y12GTanHPQkzracMdBT5+0evZW7vy5vxvU7TprzWBIN8fbkGYDjSC/w1u7LxtFCsQSw0OnEMzzgRPGtFtJAmX46Qc/9mv1Pf/a+/+RGvaLN0E838/+H3v9ub97p/R15z8xB2+MQBKQhokAhhJOhM+Jwe8Y+7vvE1IooBQKq6TtKAJoWNMnJbmPkEgSjEIomzzQ7jNDIihBNvjTZBujl26LYXjOQ3I9uqx0SyPeXguWCDknqu6lpgwp2cZwCB0OcjtCWppq054wxmjLxfNTTe52GBmjAzGYE5U5U3gA18xvTJpRgqLlxheVXSD15sNFx8RD+OTKc24vYRleg8yIglNdMsSenDfG3C2ehvYdIkbRMeH77F7GXC++tNaTJ62GbFAJHSuDYU5rqxJ0ruWmUL4ctL7MdPmo0vrslAuXmcmpN88mPXsMaXXW7mrWdJzcL+466FqsWWfyBWRQRzO87wCgHGoTMWoabUecCOlPZtQjeJgYyo+QA37kS2uAu37Uv/XXb/W7P7gEB/zjJyCanAWgNMYOyZXYMPqb1k4xhnTS23Pecz9lj0oScEqU99S19ypLwYU7VYEOd0FECPFqkKaQ5fBVDR4wgsZEXcx1A4hk0/7h93kWJHUDPqCiA5uku+KF9uReIPqhjxfhkFwWcLnrIc7SDpMPC2F7UZW6OSLig2YhVCKSfMJtMHjxoimn83EPnsY8MynDMBgvcmqS8tl8RrwJ8A8SGYdj9L4tvwvVOuS0ArS2kFLpMEmORUrhkacFGtO1Ox5ANJyBZrVSsZAevZqcE773qza6uWb0cnZhBPv55tmg7ZV0/c4kO/hx0H679Rwxz4AXZAieliGz3iAepugz/OiZFLiR9HbZ99AVPLEb3TD4kY9/SL/1I1/1JfOApD1/4X/fOUL9ztcapa/f/Fnku2Pay8Pa9z1g1C1Dste0G2jsJ9wPTJC223HaegApYA8KCEb16CXWOruodXNDi+g0UWr9kWDduiGVhUel8Y0KZ9wFQrIEXLHQxWXlpJsHhiUCO8TC8Bq0qsErGU9EE6XWwxeBMqTrx60eoyLgGRBEJjstmkXozjSZvSAnnef3SOQwarNhxmNU10VexmAR74HBAlG8/J5GT9+MVOHQRS5rzWn3PAN8ZzLOg9hZ7jDZHoIRQ7Fy2AdhgYLG0BBpwYQyGC3IUTm4oVptNpAtTqxkL1quellpcVa6V1xuJq3OadNBYI0RVXC/3W7Q3dWkq7dH7Z9JHeq780HtsVPbMVYQnaZ2IE+NKxcy5obxAeWgCdLDEHLFi2Kp/XjrrkZ5UrP6oY9/SP/CRz/wJTPAf3Dd69/4H2/1n3/nmX7q7+yVvvnsZ+f7EUxcdQgIoqkSLpsTy6aA37nVZEib4aRNNKghhTpMunkVHoQxPed4uP4wQkSLyLOC5pW0WBa62zNvEEBp7U4JbBQcxoneDu5mYcRQFg3vFhISKBDgjc7PFnruhaU+/Q9vP38XBkUCG0uBMLpooPrGaMDHAqxmBzyQlMdlO+RIcfUBtKgYrol/jzVBviIUSGk5JXtjFzEnKBQ5PlPTYbwUpBSj8mpWh8aOki4uG91cA3SfPA8hjzkLpt3aTosFHggbhgo/qKlrpbxSWVXKFknrh5kW54TiyMeBqlhr6rqbZ73unvV6/EZSt03q9ruQfRtaq/G7wkUnZwgpNriNFVW7Wc/BhA9tnVDz8hDSBFqQ9MM//SH99o9ShHzxMAxR6j/+xa2+6pwbDaS/+MtHpW89+1lztpFbgPkbPViGs8mZGoeXLcdqpO8LExZJNHqFJ3oR/K8RunvIbwX+HnowJjyeJqDIm4AxKCRJgh1GTK9HQ4REnkkvgjI8MnIYuQBi9hfPUXiGgYQ6UgIS/g4s0pdMAJFEERFhErA4mNAA0CZlAaf0zALTagtYJ6rZuFyGgpF8kTQB0Jx01CO4VoHonSJ4jBAJky7CIA/usiLNevBCqavHDOXQyKUthqGFeBSbT4cl0gHYwSEu6VmZgrWXzi8L3d2CmZI3hrrVeo2nbpTXtZrzUdVm1KOXS52dQ/rNtEC6dxrco9/e9nr85qj9lbS/nTQcew1gq6OCiNsFgXZdLYy5gotidtH6DOZmyPdGqiX67VOlf/env0m/7aOvfQk84Ky396N+9H/Z6sf/+Y1+91+91e/7uqXSN5//NJ7chhIYVui3+KqEnMY/RUlItnLNknVGaE+dBMoxHvAmq0vbMFCcosigSo7hliCjst2lVZoMSwCyzJ1WdW3lUPPt7E7CKAxxoNtMoFsyH0FBQWiEAt6dPCU8vajcgiKUYsIL3M5DUZOy4gQeu/IDmohiqFmOOuySqjXi4TBP8CYxiIOR4x0oilD+N9w8hYyG7YZc8hhXU3goygNQwJJIV9TatTs1VYD4n6c6Gv/hO5I3vx/5LCINVC5AdKIEXjoIHnweRtY0FRPtHnC/eH5Sucz04Plci1UZrG2Ith2eFrYMoZiQPGpqk/rDXoc9hAtoWVLbAtMAbgNIBxz0hUGvQp2rZnrnwWvcHw76sZ/5Nn34d73/i/aAx2HS7/lrXJ8hvWudaTdIf/RDa6VvOfvzM5vVMiual3r50XP61Nuv25hoR11kLzmM+vYpbiArmBHFIfeeBfA1T54zgOSY6evf/0h/6+8/Do/oibZBm5JRRiR8GaUM4gFhbN/feaaEi1acd3gXg8ELe2a9wRt32t5GqPGEmTmhjAlCXWeDo2g4aRNokTW66+9Ulwutl5VuD3due1EV0xqEx+dQd+qSsPHkgotlXB+1P2LoMSw09PR2ZZimKmP46X7IGxZN6LhSjDECytVd3MsWz+9hc8OjdEzibo2mSjoeM63WUKNQegX8JpwHqRUkzoc7FXrwXKX9Dq8VCqxTmdv4Hr6Qa/Mg6exBoc0ZAkgcnsF6g9dXGPOs1z8x6nA7q90CTsOe7tQdgrPIIbdKKmiCixQEDJmkQxQUmI1UCPhsYQmQH/lpcEB6wV8c/PLzb7T60397r9/xGrMhs/7S3zvqv/zN50pff/axeWEhbRa018XmUjdbmC7B57ofMKFdg1Gt67XmjNwi5PgNFM+oUQXvDmYNkg/3guH3aksQAAGIgW/CA8RQtSeuiuKkPxjgJ7iVFZ8snw5rJVpHDlvQwxEgsl50XCLoX1bhCurWvWK79Y3zCIce0M5PA9HkkFN2mtEIbj5ego8iPwUPo7drMSSPeyZXxPx9Iyi+W46e8730XFxeY4+SMyTOeCcg/Bzay0SXEwMIA5jvRx2Bp6zlHCwZDiUHtszJtQvfbuQ1KPmnVtaUunhhVtFkeuEV6FvkiDwTo5aZJT3ojNw8HrW7Sdpd0xXB+HYaOERMOc5ShxSIFR4C1A/pDtY9ZD2MV/r3Rv3Ix79dv/Wjr31RHpCi7Q/+/J1+z69ZapMN2naj/ttf6fXX35bS15//5IwCUnixUAIIjRbOY9Crfb8cpkaHwTrKhL0ITR4wSnGNFuJAFnH0kDZtp7gZsSGMDdHHjW4IIjtBFsAzDIn2HYg8FPnQEnSoKHMP0bBQBZrOwDEwcHNyldqsXgBTgiMfFl4NL8VVYrmpYPzH8roWdByVTcSXE4fPoHKMQ1KdU5G7ECLc4m0rYJv+NOoJdFNbg8/jnaiH1snzzBAaFsXa7+/qGT4crG/r6GFYzFREB8gH0y3NuKeNnBpgm4Gis/XClxJCFcOonjtf6ejvT+4bz2WlapWpWec6fyQ9fAEmtWO/qirX9pZ8cND2utfbr4+6ezyo2yNAftTYdVZXID1xygQFzQeTZw6gGvQgsBAAcjoms37o49+qD3/vV/0zt+Iw7r/62Vb/3Wdbh9xfebrTuy5Dvfbn3+yVvunsz86Lgukt+rWE4hjdM1vvdB3W2XKl2z3N+1BlL2skZjFMxgHRx4thY4oDckPIAPysr5o6adN7Mv50GyYJNmGYvlFIY4RIdnXqlOBNodabzY74DlUbroVvyYGDoMLHdBWbfH+jo8ctPTATGB4AMCR0ChHAYRUoDsTFYgZdyQ8RNjrJbOC1Hr5S6I1PHU/XRASW+PBRrSfvALVgycHaiflhiqDCrTywtuCaMqMbA+tWBeM6MXrqsGAA4wu8bQDg5MMmy1KdI/bDHMmJSkXuySjB1EFzg+dXq1gUKhalsirT+aOk84eFLh4lNYx0NmXgj8PgUHz9Tq+7p5m2V60Fj4Z+r9QVnv/94Ddc6H/9n96JnvoQihExwB8X4aChw6U6/Prhj/86fff3vfZ5rt//30CM9/tvPtPqA5eFHtVWjNf5IuArs6a/YfPxGdeMJzkyAXUiHRwtobHxwyw2oV1H7seDQvW2ULZ7h8QWRvGgXGGQaMNEX5dfYHU2JkJenmuPrD/GcaIEQdtyD5W1yUN9wRRvciMIo2PMmoZvkwWwITw4LNpbnmZPjaERx6KT4+oSzTEmr3JyuErb40FNEwWPyRZF9KddMXuANi5bsUwd4wi+G45iIPBDDAqcM6hXMIhiXoQerQUrhxDdjJuJgrLPz7CGTIF5TRD+sbrBidJP7sxkWQsK4EsTYmAfQSH6ucwUL6DM05vGaHOVi1zNptD587nOnpv18IW4RNH5MXnxmOmzn9rp2ZuzemCZ3WQ4Znu393VgqC1YKHKiP06Ljkq892FjXwVpIny3fuinvkXf/ZHXvogcMAw5/j/jn/94QZ0+dPbnZysh+SbGEB8kx4uZz7i+qwT3skJV5fwMUNNSrie11JDkgrqOV2QCjKEYDAo1gaPZ0iFoGHp6eK7o2YI79bo4X+luS185yJt4ziVG7hFLEn1AWh4obu0JwDxaabFJgdnFnSGOeQGnuHAC8kAsCEA4fv7iUa7rJ4Mp8xauzHNz7Tx2SP6T4zWjesf7kBNi7OTKRzopvgUpql8KDsJuXSft9oPON7CqY/aFboSvqiKxh+o1TRHG+QwzkL+gn1KXlQ7HyZcomujgkVLGTENG17MWKD1Q+Ra5aqrgjXT2XKaHL5VanVVWNeWA3Vz32t6NevZWr6s3adONniGZe+Q8jhJcTg4V9DDUtshZPfscuap71EzXDZN++Ge+UR/+nV/9RRjg/7fPTN9y/jPzqmG+ARnYuFqK/uv92eKTtAAAIABJREFUAE1cTENOFy2uaMfFLULMRbCBTHERCsEDDQL79kZynTBIT9yfhp+tRup+c1w96hB0ygchfLp6NFUrrgxrALRFJYo3C1XS+2n9OEynWdZ7PWNAZDyIU4HA/cA3Uam/ueXWoejhmkTLrUfkQsySjEz3gY0lS4HQnYHKz2eh+ICXPDn10+xI3E1HqARfA+Lhu0yqhS/p2ctoa1HVQjXzvcBoIlpZFYgnPCRZJVdgwWnMuAeupzU4abUsddwjdBTyxaQfKS9U1oieV0pVptXDXJvnpJfe07hX7DCfZ56iu3qn1ZPXB7XPKEiolA/qj8k3NOEBoXjhmRFM9/ARZT+KB4ypntKGH/ypD+m32QN+kWXwP8EO0689+9mZiggIpkU0CAkFevEW2gEeQYQcpXmqJaAVfp8qcOlTWpvIGWGQ1pyxvAlpD1pMhJpYOGY32LC4ojU2y7fmeFKeUEf/Oa5ogEsIa9qx2K3BwOkcYrNgyxQ5It5x3whpAG0nwGk3+8MJnpjUAdaSAlg6gyqPi12aUTeHgxpPABF2YAQF37rgZiNCIvMvxaDjEUYx8huRorNR3BGMKqi3hWZ/F71i/qyYF1qfFdruWquKVXRl0NUb6S1XFhins0TOyrsTKYCwwAYxfA5idFjuuzQc4sx4X4NA0jhpua5V0pJb1rp4adCjlxudP1epcp4FAo6+TGdc8I1PHHW4ShoQwzwcTOPvBnJ9Ojeh5gDnEXGqYOyYiu4Lf77/Y9+g7/6+L6cHPPuZUy+BPi4kUHpPkwpImyfNGE7+vcYK3iJ0lkMEHGOgmwFexRRdXA7I/AeD4iFYuF7lavceffFNQS77Ib66yg4MLDgyFAWhXWJiLNgY87we8TsNMnkKjU4AjxmwjMFzU6OiKrcwo5ndIa1k2v9y1mHL78DShmwK7R7D5NbLuEKL6tW1Od0TwrsLoUlDl7ReB10N9gjvmldxVSma1KhCHLaRvx6Z+M+K6AOD9vKsBFNDnF/ItYBZzKc9pST373evTe2KdDqlJKwzgpCA1yVqYkBTnm5XvWm0ejjr/HnmSgptLkqHYoo3PP31k0mPP9fp9p1RHVozt3sTIWLkMwaR7AiY1cF9W+ojLsYBVP+Bn/xGffgjX/El6IT8v7vA9Fse/dy865BRtc5RaAB6CBkDC4XN+5Em8jcqZlpeAaLiJ2MmlgY/YYcHp8+L6rvhBOvQ4QUKT5KhlIBwUJ2du+KikIkkPvC1ukJnLiTgQlwncqzQ6EMIEynYoFnB1mFmlcmzgbuEM8S7ueuEEctoyVkpgYBuvC3Y2UA0dwckJ9CFBgM9dR6QXYPtDfvHFxOSlaMqMKqCHe0x09DzW0C757pZTz1SQYbncO4GAE84M2GXAxa6h6wpcI8ZL/ctxQZmD6TfoEBFLzxmWjA6d0/4kglcMOASZmA85lJUWpyvVC6l8nzSu97TaPNgVr2otDkD7J6sprC9TXrzk3tdvTlo2HNncbQDW8t8JCuheaZn4PO3yqfG0Yh8+Q99/Jv14Y985ZfPAH/Dg/9sRvsutFGAOXJDMeBaVIbRhA6RoLiQBG+Dl5jVMHfwj1SPVlZ18zO8HOHYiT2J+snzWQLMiqMBs9xfL4r7NyzgdlB4Dc9YEO6oXPvTNQoW0MFrFdofuCsDpa3YYABtq9jTxeGqqJOSvUWGhnh+vPq7X1voM5/cSkWE9xLdlC2GE3+HVyLxp0M0dzGW4OfjbrMTQE8lb1WvkbveyGnj8h6PKGQxDuloUMCVZG1DnzCuieCmJQa+aRVGNQ8MFXPSMeRFp8dMbKhbTn9j3hcMkXs5SiArlrvOVDS5Ng8rY4NnzxV6/sXa+StwFl5zezPrc588anclHZ5N2l3TDr3V1EJxC2VWQjLnDeEjA/lmjCf9gZ/6Jv3Wj34ZPeC3X/zFmSrS/L6c6wgQ76GI4DQG+RKVq2e3t57d8FgfF5uYGs+iUxWeWlZtDLUEoyZusAP+DYNCoiGm3gJSiaqXDfWwNkM8qAWcBCXJK1ebwqHNV3TlhLvMWN7hGPgblRugM79IvNsezwgLvbZWMinkkY4Lw1R44BnIh28OUR1uZjJBE3JpF5QrT41ZQ4ZhHSp4OJGzf56BH7oxpsZDtT+RHyjgltVKqWqNxVVEgz5Y0LChIZna8DxCGlcehPrEadyUBQQMN/jLuuD9EMMctSgRKorrW2mDWggUKJyZD8gIrH1VqVjkWqwnPXgp1yvv2fiCHNYTosVxP+npO72uHw96/NlJ+yuSceZIGPVEEYHPH3zY2dtGcCRzV+t/+M98s77r+9775fOA33b55xGbipPGKSsRwSYUUX1G2KJKO1sCH8SCxshk5HQuTO4xL3c5AGYhK8S8sIezXb0SJjEQ9JhH05zcDSF38yA7Bs+wTmidcGMnm84CgtcRdj0z3OTqWrCzTKSilvkwlkeoJKcj34rf82QJxQpGQDfek/wxp+IrTUPP1AeNQ2IWtYFmMMQQo6wBviF3nihLDssndU9GQcH4nLhTWGUBT5n+nsgXYYWTyxIOY7SB9S0QEm8pZNCGnqyEYN4qYdiLRV2DREq8N8aMtAbrsFyWvlcEYc8ZeIlJCEi8dVK5zHXxXKlH78708MValw9IYUY7lLvrUTdXnd76zKgnn5s1tb24CGAaGYElYgyGgdCKpAO22RTisvkf+Klv0Ic/8r7PG+D9hTSuvf4JlbHTkX9sSj1y3dAC+sdzwfRtFz87h9InlTDM3kEH36CIZkqICaG/R3gMKVom1UJFywLeFtAML0cIprxHdotYtlrk2u+o7EIokWFzX5Wwo5UWk2MYP0aJBKz7xTk4Fz8Li/mkRNAlFwp4t7jVHUYLi8cwES0zkP7Q78ty7sogXFW+dw6qlm/78ZA92F9Q5pG3jXwrZkDub+AkpNYVnp2uDnlraJ9kxaSsppGKrg0YWogr4YHJI7kLbnc8armorFLvMO73uscrozCyZIWpapBRI7RiRORivnGyAqohbJMDw5y+b4PObmcmrjHDQk85LkLoiTFSAOplxr2TevBSqYcvUZTUOj8PIizXqu3uOr3x6VZPPjdpd9Vr2M6ahqNvP2c/o7fNjEwQbNNY6w987Bv04e/7Qgj+u//bL+mv/8LfUtcd9Ju/4zdquVr6okUubKRNWjdLffJT/1Avv/iSjfr2Dom2TK+8/JL+6l/7G/r6r/tavfd9X6Hb6ys9fvJM6VvP/xzn0gRUX0hCv9T3gVA9xq2UceO4ZzUDzT5Rt6j04jJqEv4YqYywi7XHXcMOr+B4lu+K8OWxReQsLBKJqyecA69ExWsptWLQqmncInQ16EtzKEgshuu8iLyFKboaOZE7sDq4ilvPqfD5VHXUHuCUUJAI20du8CZFsFZyJP1Q2ykU4iqpwBD5LIaBrt7iErTIT73vcPrASS31GwRVwqY7G2Vo4aHkagB8ytXUdIZihJOLCWnT8dkWAi+jk8QBAR7iMFAcLZcA+czpxDuTh8aYJJ8Nc7u0tjSjq1WF+j7NAbw3M8XMkeTavDDp3V+x1INHzKdEgXQ4jHr8ZqerNwY9+dyo8W7WngkqiK3DHMpYMJbyVquzpMOzXL//T32jfvP3fiEE/9Iv/M+qL1/QL/+dX9Rf+St/Q88/98AtBQi0T262+uDXfoOun76l7/yu79Tf/Ju/oNc/92m9+t6v0rtffl7/4BOfUJ3n+qZv/w79D//9f+07WdKvPf9PLRnpqtMD5wjPxMIwyocResaDq50Wjfag/CyYKVCI9MSAjwezPeV1rx3izu1JDxjaTzBubT5mXcQQjkM4YdtaJATFGAU4FYCn60EjNBJeAa9DjCgMhr2nxVeeVKCyMvSIo0Do7Q2d6Pt5KaoghQawzEdhnHjP++6Myagesg9v6VI5MHAXDvws38WAtwewgEaocvHAOb1evjdySZTy3bXxXAw5ZGdVLDIBy/pwsAxbxn0cRvBMS4/w5rbaQKUdbG1Si7gql959wEH8MKSIEFSCqFBqLpPOXpSee1ejy+crnV0yV4y6Q9Ldzag3f+Wgu8dJzz476nB3VO/LcKL44XLE/a6P/FalfuBPY4BUwfFre3enerHUbnend956yw7Hd/Udj7q4uNCD557TNPT69Kc/ozdef11zyvWtH/pmR4knT544DXvttdf0i7/0t/S+V9+l9B2XPzcfJoaVQ58UDzKPhF+KiXvRb2ZAYo6AxNm6byeRHVy1Zcxo0fky5OhfogNNdQ39HYC7MT0pGNP0fznd93K9GBswDoKLvn8O9IEjMEUOSGUMfSrkI+IWzOokpoP3ogvhOsZiPIwejlotFsoaQkCnogZo5kJGyAtJ2/ZoKTpmbQ0gc9M3bSiEeyZptayVLXpNeypslEB7TQOECKpGwj96hYMOXWfOIUZrKWGoZQ2Tdbn2HdqFXF49OJnn+xx6DYJnut3ew0fMqAASdiEJkpjGm33zOpYK5IVl0o1ZVAD4PAPqEbMHnjBwhpkMxDe0/AqVa6nghs4HSe/7mkYXz1W+qYk2Igb95M1Wb3y61/UbveZjprE9ancbc0H9cbJUr+dVMukHf+Jb9Bv/lX+GIuTEkvt/NH//b3Bg+i0v/Rfz7gA1J9pj9xxAugIWdnDHggukA0oI+a24uNlcMpMRIlwE5QnGdNwZ59kO5zs05HN97Te+oLdf3+rt15GCILkJ8qUhG7wY9xjCS7QUCEBv8Pt87XyBrAcq/MAS91zF0w1Qp/AF9EByHjcB0b2Iy1C4jy4uauYQATsgnYZhUQhxdarUlOCYXYRG334OWUFqD3GtrJtVDNpbMIl2ZdyVy0wHxmiwGT09jwBEWLbmoTOQkJmj30wvHZoZHsYwidcPrZlg2Hi9Kb6oujsO12nOBhKwAfi4zZNT6pmUAogL1AFFC7xYrrysLYDOnSSX7yr16vsrrc8pYmL3j7tZb/5Kq7c+1ep4Ld0+hvwQNP7d4eAIBJGDA/UDH/tmfdf3vufLVwV/98v/1bzfIfYTCvTgWae5tRAmojr2vWm4/6MW2cYezFib71yb/XI3z1Bsr7kNwL9vUqqxQ9B/Zj8qbZaMWPY6cu2AsTDIAGGcbD6VniEgmFRWJo1QHJzTCJs2mjzyIS6SMRkAidjTIA8zF4hbnj0vXb+NAYSWMU16OjJPngQlyqD26QLEHu3k0xRcaLwUlpbDYPE2A+pa3G1rLxzfd72lhExq6KNz+c3pui68Fgk5RVVAOoDGMQpgWdoYhg4+IP/qKf+ofjFglBwiPwVxiPlhT7OZZxkUJqTd3HfPKcz4dySGA8Zyu1PIe1AZF2qeS3r+PaVefG+lapG5iqYDgm7im5866O3PjBpuktrb3ir8Uxc6QdEyzfQHPvZN+k02wC/Pr/Trzv+TGa0X6Oq+Msvjl3QoQpfPkmlmrYy6fNDo2VOghhPEcjrZDi3W/61V1bPFHH3PCMacI64TXYXDllZdjExah5iB9BPtCcPjtHsexuI5parFpBYuG7idwy943MkjANSSA3HPRxWbmVcn8esi7gB2l8S5VDBz7OWoMAHCoWKdFE15IvIpNJ1Now/Zrrjh04NPiBUlZScpOI86nu4W5jD6Cj36qDBXyFV9YkIQCK9DVVs1JPpcrB3yHy5GqGOcB39Bytd3GI/JuSlkXItfupIOho/7tIbAgk5mkjhdonFym7CpoLxHy05ZqeVz0upRppe+ojFtC6ywrnNrTz9+vdfrnzxo+07S4emonrQAibcWPJCcstf3/9TX6zf+q+/9PBsmgPT7+PrFG2X6joufm/EGJpeiHDDvPOfBy/KLUBO0KrAyGvpsNsTJUDrl/geGa4ANPBDka1EDmgnkHtA3xgi7w+nnCjoo4H0ULfeiR4Tw0Qk8g9NmW3txi+hRW4k+hMNDvHLWchH3ywVTJCAOqsJmRbIcZFi8FYXE8YAHYtYD7RXgHFqEwfqgy1Iz5ujrSZNVrTz5BrmAbgUmgzccQ10B3M/Ma7obdS54ExQhhjJaDkUIUQe+nHwrKLgnhAeHc56nY0SyUocKLcC2L82OQiCHW4gBnIzVuOhAmhLMGlj+eEhWGWMzhdE6NaW9qccZoIgtMhXrTOU618N3l+4AwZgBd+Tv3j6b9M7rna5eH/X4k73G/aDu0Ov8LNOTt/HwuX7vj39QvwUY5mQPxyOzxgEtfSl+pW8//wtc23cCV4K2HjDLqcqzDh81MXkefVuwr8g//ItuCdzAewFHsDoYwb58Om5LDEXQEznVFW4osn7+4jxyHgQmu1PO6aucIpezMn2OMWe+eXy7DdFriKiEIgzQfVEXL1CrYjaF02valjt3KM4TouK+kuUq5naxE/P/fGF23MzE5gwQGTzaSSIOWH4Kg8Wgdgf9Pa42jRlpbr8sZJkV3glP6tbb6IoSSn2OGqrbisE4GdtkgwxV2rjbhtabvcupYubDAa15fgbdGdKiNWjqGuH4dFUrBktxZKa2DREdRMSMIrfOqkKLi0LVWdKjV2s9elfpW6aWa9Zbun7a681PtXrrH8wa7ibtbm41gklSsIyF/u2PfVDf9bu+AERzNzCH/J/4y2jzqbL/p7DQ9JvO/5Kvn7Nus9tnoUzAh5T1rN0x9PxCUsP3EZhAAKuX0UMA3fsmP6czLjqm9VUFvd8X9gVTJBCGk340D2fOIJIa3DgeOn7G+TzAxDwJoXLWErkLdJBPouA2+ALZi7g6AjzynkBa1JP6Y0jkugAy8yMoW8AVHvU0vJbs+WCz0LHwO9iVFE4j+HdAbz7bI6PKzTS5esy4Jq6ZUBrMnWBi4508zBzKq4wSAIDX5LeRwuBR8e5W/2L4v+fahpN6apO5w4OClSEme9e4pJrPqxrUIaLTBD+whS5GUVK0FsMMBlYw1kEw6Bk7r80nVYta9Vmh5WWmV76q1ouvUhUjli5L/j5+fdRnf3mvZ29MGm5HddtZA5ce9r3+nZ/4Wn3n977v8x7w8wY4z/rkJz+hi8sHdigWQBo63d3e6aWXXwkixz/Fr/Trz/+iDXBRMm4JCBxXbXpNzQm8v+M3DJQwS57GwnM3WYhRni428VFGoIdEP6pMWlVsSTsNWuR8RygFeEKN4gFCKFfX0zlZZ7q5RaqD75idIzE/gSew2LZVDtAA5OFoH9HECTFMbhuiaCGn5BDs270aAOnTptDYz5HDxS+Wsx48X+j28egLXcjb2FTel++p67gEB88HswbVVUyU0UcrF5wIGaQDnoaDvWMBdIQp+TyKC9KJuMaVnJLn4EoFiqG7W0J5wFJslEWLaA12g87OM3XboFTBQ4QwSiPAMnienGPNJmVEAQoUw6JUxkzOTeIG15q8uw6putnN8bgcZ3le6+LlpBfe1+jRS4gfcQBy/V/tnQuw5ndd3r//9/6ec3bPOdnsbi6bTbKbq7JAIqBiYBEhQQ0EiogpqE1BIViHGZw6OK10OtPRopYZHQcrBgQkELBVaOuMLRbEERpHRQ0IJORCTMg92VvOee/vv/N5nu/vPRsnKELSnZJdddbs7nkv///v/7083+d5vg/eO4m7bxnHQ3eP4qGvTGK6MYn5kBJgEm/8pW+LK67eIqQefwBvvfXW6HS7sbTUj0cefiT3ylWxb/9+4X5fzy8dQPkqg2VJJ2oOWtlAKQMhuczb/50pAgmp32/HJlFJI7kcx+lmey+GOj4ugA6IjbvpmG2rwrzW3DhRsVLvIR2C/9cKPLl0wfejibDRJKJ2php2LdAIXdFWkkrMhKgvBTQDDgOVVLG+oxdHj3mxITUZc2EZME1MdefeSgc9p8nxtEJsEskIDAhT1M+p8ygVtMMOABxtrZ27OHD2ha4DleFwbHNN1j3oZjR4eAGjmYrQOOEh44fB6RcmNfU0puNVTKgl1SXbRFIlT3IUBVbTYU/sbmrmDIfJqV5Mc2bq85ZGmDLVXKoUjfvrrTjzwlacdm5PUxJSOPXrg/dM4+4vD+Pe2ycxOToL9tZMNqfx079yIF7ww3sXssytFIx800TkUg/yvSST0BKar69GrJ6//T11r9+O2SjTibZPAmfi70fjYbTddhcU7mavaGcI60GBQdrUUx0dXDUDUNQxRdSUwEQDQQrs2WARXoxiuddRIzDXkBqHUGtBZBAk6wSbkvPnkB/EFtFhB5qwNKDZBa7hr6Zx9v7luPtOr4EC5tEkBWevWR1LPQj+XkVF0a6X4zUgL5Cy2mz98SZwra5naXdCQd02Bt7Ud6Riry211a/otUpxWH7AKNGCRfQVfGfGlNktc2C0SQkBupB4Jiy4r5qWBeY3QGUon0OXBo6c5v3xS7Yknan0G40my4KYS+OP45W07S5YYyf27OvEXbcPXCrhALE80w5oviNy1PZSWwTW8y5djh1ntGUJQnRHT/zAV6dx2+cGMT5Ux+bDY1n/vvEXD8SLNIrzL9wV/sEa8OsJe8f9m+p5q9fV0iwIF2MPnEdiwgJlfWabDQG28AOJaNL1aiGCC3ytPpW3qIihml3p4Fo/Unax4crEBV7e3o3hJt2y177W+NMJY7Pdmrdq0/DYQEgTGbZjinkyjXpKI+NxDD+LrJMIQd1DtEKFV806XrfIzzcgMxBt0Gp4BRmkUKKrsEfoZZQLfSYjXn3KKI/my7phojHsFssteRABt6WNweh7AoZXxeYA5Ztds5QvZI8LkGlsjaKen+V95FjTaER/rYpjR1mi04oJFsdjS1BBHbSiAdcxlk6rZHZzJRr9EIMhMMNk9cDoUVPGQUxAnBl2K5UzAP00JmCc/Uacfn4zzji/F7vObGk9BCsgDj8yi1v+ZiMO3x2x+cA8RkeH8bO/fmk8+4rTF0A030nuYE/Qr+qy1XfVol7JXYywagKW6pNcTre2tD0GrCmtWjGYTqOV4nPPc0UnsQVeEZrLWtedkATsuMc3mjGUvVstUFp4FytSYQzDYEk5JK8lqhRkhkYV7V4lPpui0IRoymgU9N8Mmzl1IZqLJlhjNgAp6hGVq0bAPlGNJRpWN1neGVU4Cc0ORT0RKffa0hixAZyOj3mdAGVqq2YMB/KIi6rFQbH/zWRExPKGITiJzNSrFlkE3M8RnGm3yL40D5BRWXHapomYxnBUy8C925/Fo0dM26IEoCkhkmoMyPQEALuu5ZjATJcMIcZNy7zNumXLXzZjUg+3uSa4wY7GsbQEO2gqnJCLuXxqxM79zdh70VKcdlZL2uLDh4bx0D0Rt9/EIZzH6OFJvO5tF8cLfmjvkzcJoQZUbZQsFkZqJmbmpmwG1F0oRt77JrOMdJ6Sy4HwPjrfHJ2JCW2huYxuFBmpudAZuF7EaVRRjkIKdwBlJBw72QPSjNGGZ9A8/divsbZUml3gETFjZOcv7tuxI145SqollaGNJbVz+JAGjDZsOSIX7C5Wc6z1slWwtmrKFWoUO89oxUMP2MwIEBaIx7xEDuXcjRKTVplLYp9rnYrtgSO6HJRsVEi10LJcX5K6E+7RuoX0uaZbp6yjPMx9eWWbECo1rgucRFxmcdkSSYROE/CcFbVCJ6jFveNFAvsui2waepBM52LGTANksNv3z2ZPnW3tWDktYs9F/dh9Tid27qYBq+Pww/O4945xfPkvHo3hg7N4/b/59jj4yrMW8Y7vRBZ6on5VB1ff51XVOhjp55wHi5tIDYKTQQeNMERNwQ72EDFdP/3lwK1a6eUiH5aWbg4Xz0aUVsNxEbCDgPEL5DIKNj6yJdKdr3ZV0OXJBJzmwHURQ3k98TLqVmw1q5paseVuUqq19BcErmi1vTyZHxAFHp4efEWNLrzOixQm/UWrETPmuMyMtSHA8Ekb9wLo/Ky2x0NZ4znDNMxhISEsLTekvWjSEouWSGPB5+fgGnyXAEt1ZGpxqRn7NGY50+Vz82+Bb2T7ZsE815lyB2YPQQFzd96/y0SIR2vMtMWbOucS/FMWmKmk1VhtZJc8QzST09jew5bDU6POWit2nN2KfZf0Y+cZmKQD2E/i6CMRt/zlRjx42yxe++YL4+DL9yzOG0D0E/mr+r6163U1fbO9ww0QmZrOBmSmUXUCf2jv56CeKoY/8lemYqR4Zr4pbput/4liCGnoWNVpoibDwgxaE8h+DvzZjL60Aqk0YjQxO8R2l/5Vag41RNpsTnT04kCaHqGLzamig4Q9mBcJCjLlyVw915GaZEk66s7dHbCnDKPpPMBYecAhHtDlEREBel0LN/Rdmug9wNkwK5Irv5c7rp3SF2i8OXAtSilB2UDdJBoa+t4MHmTC4cSRnnJneakVgw0bhRMIKCdo3PjdPBWtPtd1Hg4n0QO5wIgJYgRz9F4z0JyTqqU+VSdMg4XIC6SgEcMRTBxGnhAoZtFe6kZ/RydOv6gVey/sxe49kCBakqTe+3eTuPnGYbzimnPjspdsRcB/FIh+nNP598wQHvMvqsvXb9BIg9RCKNfcleql34gR5j7i+lmLKzoVSLsWG6fDgVZbWWBNBytFWsObM7m4XizjMZHXfyYVPyOmdjwSuag/xXnDDSCNHHii50wD3Hl7Bkkj1HBxrYmTaf3ejESk4YTl1CGZ23xeiaKY6OjHSLOh4T0Ltqmh9Pml/aVush+NsEiakKT7U7tS6+FCOm9MBHEwiqNpxx8HNV8fmj0sFjBM/BSZDUOwkPOod7bJP5oHAoYL2mIAZdaaMnHU6AZnAjaY8x4wj7zpCQjVkxLvE6YO5aFC00KU1sQqtTjcU0+kyTqM8qitHb2rNrPyRrT7rYheM7af0Yj9l/TizHPbsb6DeX4zHrh3GLfeNIoXv/Tc+I7LTlvUgMfjgLfccnOsnbIjF2kgiAcG8vZ4Z8a0qquaccop648bOKsXrv1ODZ9PMrw5InPSEowK60Xth9WNaQy094O0LMCXdaSuKPQEOiXbVcpbd+hwjd1pc5FkieBOmDICFrv9h5rPhwU4Bb8Ds2LHR0yBOFhGCNZmo8eV1Spmm0wCIgZTW2ooAqXjPns7zexNAAAgAElEQVTc8JIuiwgRe3OQtPA6yQVSq0FQoABjhwYUMJbaQIVnQ7p2HZs3aCcwjyTlwzefSyh15H5SGO9vyIYSwLtSrEVm86SY0VpX68qLFDodtWN5yaRWDXTbdqPotiEQuNunTOBg81B3luZx+CFWuFIb17HJqq0xjQxzcLOTOHgaeQIR5RYBxPFMkESdY4G0yp+uzVDQs2gBuDeGzhvN6O1oRX9HI779u/px+lnd2LGzpwbo7juHcelz9sSBSx7/AN577326tkeOHHHN32zG8tJSbA4htnDNTT1rdnqxe+fOxz+AV+y4oZaGVboRZIDUgXRyXBSOIZCIC1hT6n3SMR2yLAnYBrzKAPRCaqkFNF74IiOclGkCUEJEIFp6+C4DXlPOtegZPXF2zRr+03hwe5MbSCFA59eYx47TluLY4bFWFmjpMqxuukWFCoJ1OhurJOBCAN1ApyLV2FlUAviencHoPsU85vsN7H6lBktrruAQmirGyi34cnJTTfWdCBgSILkjt5bastZ2D6NIewtCUXP9aXjIzRrXwp7TEBaInnK2x69FzJacoxOhx0BPwF4ddc+ECiArRfQOJApv+9Q3F9nD0kxZL8vImgzCmI9rjsakEmFh28527Dq3Hec/sx+79nTk9v/Iw6M4/8Iz44KLOTxJTjluFlxYMV+PUOlrAdPV5WsfIj8KG/WeV6hY7YRFPLlVChay24qRmhA3AVpBlVMSLZvWlspp9Bp9d3G540NySmuGPDqS3hijI9c1NAYAwyIpxCj6rZ4iXnc5YoYkQ3uEc/VoubBEt4bTF1FrzI43pjQU4Nr5QT1umhIHWjUcq1RB/kVr78fGEPwNzqBFQtSGbKXUbg9JSNUje71rH69lpkU8gHYe0A3uUXsC9DK6AksEqrFWRPQsOU7ZuF1SxxHuYt6TTB2tiEz6189DWk3vmwaySVaqToRfEi05sCBN1MxQyYruhdf2gICas60xqEsIHhqbc+JyIAxVVC7rnqkxl5d7MWGMuNyO7vZmnHWgF0/7zn7sPgNGdh1n7jk1zjpnx+IAAkQjPnqiflUvWb+h9oJqj504K5BEPRL3ymFHRxf7LJwhXYNxSbXPFxKEk0QDbdq0So4xmahM2v7tVQUuju11UsgFnMK1U1qxcZjX8AiPMddgNtBeN91E1ZPIASAGWImmdJKCdt6DTI8Kj/1qGtXJ4RRalM3FmZzoxotUQtPD+MolMuoyak+n3NQFi6Tgeka2H1qt4J13fOduF1q8sUPTvlparYUrBKsfWG9mKzc3PHJ0AI+cuq7UjFyrH+pozZf0faixet2e8UJq66T7gx1ysDT/LtZ19FK5Mk84oOpt46UqT/BR1EqWWisvGPtxyFWr828ZN9KwtBp6cKJTx/bT2nHhdy3HxZesxPK2Tpxz7u7Yddrq4gBqhPlEAtGXr10vEzLWWble8YESNV9yJc97vTPXrJbRDMmku1GedBFWJRQyaRI/5f5SO44dZZUpK59M7VFBrgG82b4il4q2RRRw8Wpo0Om006+UXrlZnoUCEFexvroUhx4a2tiSFNSiswOrpOtGbM7EwgyeoggTztkx31CjN+2jS/KoiLekb+++01hODGbcCtzkaJyGMwLuYaPs9NPjFdYQc2I5LBxD6uj7RX3Jde10SJ22NBYmygHmtQWqp8CKUZugFcigjO24GxxYu3xhzI4RALNfQGq1Y2lLTK3JQ7VtG7gojVwyuTUPttuDXg2jT23FINMRdLraktRb4jq0o9Vtx6zViD0HOnHJC1fizLP7sf+C02LX7rUnD4i+fPUDwii1IyPXdCoOyazR+zK0zlQH0CsYfNTgpCGKsU5BRbVaL5Y1L8svRgIj2bDlGA8alXxgyI9uaNyIUKQDMJv2pMPJAUKNBzxCGqK+QvCEGk0bh1xb6inOJsTsZ4/LVMGRfrH0BVTHhoMo1QCg7cacNVukLWGLROlaZo1eJk3qtgvrdIhAnjGcI4mUfNR2Yk+zJbMj0RQ1s2SdHmMrSkBEEL2fhmBqET81INMSQPFWxyq/0WZCLG2ism17ZbxJZO0gSPK8nLJG2UgjSv/OdXekZKs7WmbGlGbe6ODBbGJKo8mPX4fsQ6RHgmoprIYjtudttWP5tE5ccFk3nvacbfEd37k3duzcioBPVOotr1O9ZPWGWksHxfeTx6xrG9n0kvi8cA/Igs5UIh8MiLq4ftqXWd4vGBf1m1p9QN1kyw2Dn17pCgDcVj1HA6ELyUEWquz9HgDX5XCLzjWlk3IXK4iFm8/oLN0NpKeQdZfJBzwMmANx88XUIGoRdY2XqxsXi3vezkPs0oDDoEWF0MMkxmHa4K6+Yl5NvSeYyPNZNSxS4jlyyodwigsCrg3jiKm7fdH7eWBlOMMJsMUH9a4it31E7CQma5AiN/WOklIziwwMZ5LtlknLkq0ufZMoXxmgGlbKsQlARAh9Z2cPDiGHXa6xGneaCVRskIVg8JBj9bGtGadf3I9zntmNK199Xpy5d6sGfMIP4OVrH9ClljuAMCOb01DQShvCk40fTIpohNCjeGuYng52yIEQVKr6L2vJaMf29YYWLEvsxPorbizMYCnKSGt2ISWiaLewVgZE0JsgBeAAdzruujkEApvh5KkzNh7IqWn2oHVhhG6uXkyTUEH9JSdVBvEccKdoaiR1oZQLVc/C8ibRj9RIVHeE9741u+5Dbz/2qGWY2sGLpRvNG7a63RAV3xR6K/Ug7HpkaSROpovp3eT+GlySaN3VDg/Gf0xhkHqSMQQ604HLLsRGRzDBWcwjtaHYMmh9bbfL99ciyPbYhGLW0469AaAL9ENJQdZgWwPRm5JHbmYeSRIFbWmC2dE8GsvtOPPp7fixn7koLjqw+8lLwVesX1/Lmh8unLwBzQfUMAjoJNOZZ4ksNmGsVscc9kUuNlSzKKYLPiz443nxsypKsEClYtKGR0sy0Eo1m24F3ssYJIE3QM2SZYdHe/J8kTwRRoktOahrdKipmYB4YK0AVGvfr+eu1IcU8OIOqoYzLKtRGCUBN0Q8PJtScuBoqEj1RBqAd0oCMDuglvGIOgkA2Z7QLJnWDuUkfJIGKTfIwbORgW/StOjzNmRdePDJApd9wnLcT1sSXWeipS1y6eDposkC1NSQJSwRQK5Qa+ohgoYap5DWRZ08PoIwgNIEnFPKhBA6V5EKUIMD98A0yv20SXcDnmpodSye1NvP6sY1b7soLv2eLRzwCY+AL0ATog6Y029/PW83t5uo9BzaamkSJun2jL0rcc9drEz1NITZ6WJKQVeq10NkzeI/m1XKqoJYiYBdXjMe5iPY3hxNJLrWWGnKOIm0Z/jFs18rytDjclPsYwweZlxLHZ0G+tx/mhw3URj2ANriDE+EQULgPXPGEpGI8sSbFOuUOMOerIE9bis2N0aq4XhDak913l6aEHXX/MbhdBar61T2VQyGaKUb0vN2iV5aqk2DwmgzN6dPcUrF1NKrsngv4J0u1gW5vkE2d9jmYm/XmQeyWbS6vU5HOmWs5jTxkJkUDragETYNhfolQB2HLWlRarF6CC81SsSqr53GwDWbA+QFlCFGEJi+UHTx8LY67Whuq+Oaf38gDr5saxb8hB/AF699IE3CDCqLK6m5ow+MVgSIfOAErXF3uhzB6uVPmOHTREC7lweemhN3zUgM1e1R50FhZwMRjU2yZkhQzTaTCJuf0y3z3mbQ2H4DGpTSBc5XEj/VMctVXhpRzUPbMGGpYMs2GnhUpgGMmMJpPpJCKFmjYYM2b5hNMoV1bTa0vn16Z6DmkxYX5RokgDGHzjzJIIqouKfGdCqWUz4AMkdU82bqaHe1pqW53pV3pcBtpiKO5sIviaqQLuBRCcO0+F3ZpT2P+Rix/1gm46aX8Tk8AxcBQmu2HK1lCcK1oelAFK/3NGVNDo2qHV0uEeWJ/hxAPpMkD1zz9jx+4j8eiOe/fGsW/IQfwCvWPpSLrmTMkF4u1IF0aLnDDNmlVlMhY2SXrxnJNCDeqOlpCAcYkyOePKAQMUC8xC0XDvJUwz9yryPjbk0NmtHttHUQ+LeMmaYDgFwMj8DRqN3g50EQZSaK5gFROAwV0qIpTzQODNwhyC4tOSVLAM+AnamO9sXxuirSAgETN5HmgfQpmKTljUlOV3TZ1uLyYC5va8SRh3ARaGlXR7NtlRqTFxtLpjSBA07q1kPIjXa3KqdVSgnizLgSUWM89FiONCklXidUBwpqoUzQBIppBo2JJawwYiyGogR2iUHEQ2CvBUN9xP8cZAuadK/UWft6cG9hopMBwFt1xkEt6o7lCnIAq1Tbvv7t3xYHX7n3yTMpv2KVSYiX7nl0RIHuDeqIX+QD6KItyVdu13VbtF0I7QOph5bPnZRGbwzfmQNOO2o6TD8hdRAp4BC6iNeUheabeiwLY6IDEUD2uvjD0IDjBADVnfGRJijoXuvYHPL0GhxeRsgDG13iHQ/eaYyAe4jWpBdeT44F+Ktg6D0F/wIQ9gZMVYO5cGYOUQDKFQ0EIziiFVALInqWuZCuuoZEyq48kQJI60Qm6FVTL70mnTIzpp7VZiY5vXq7gC4PyABRiCVAAOioC4lSTHAha2Q2UcfLYmlSuRbYzMTi4YDpQGvG7bEi0Axjal5HDx3CJTJLcyR8UeXL2HN4fHmQ23K4CSQQfUER3viOS+L5r9zz5B3Al6x9gNm0pgfjjYaMhNh+JKo8lRH1FRBouxkbk2PRi20JSDtyCf0Dg8KyTDCO3E6Uir2iwdMTinIunETYyfMjR2LUg5JLVTrHWr4vZlfrdyn0eBdmpSZI4ACwcG2g9iFtJDubTerubLd8VWAVu57164pDqK6bCNuMqj3T+qvhMWtP6Ii5+CJTEJpgmeQDSL+POo4IKjE4pAHKChPyRPknmpqgYMmBGx+0z4aa4BTyjUjTwC1sm++yfhaneklM7YtNFKWThZ4mcDwdHoQAYBqgncN2dO1QAugZJyLa6k2rbaG9Jamim5Qz+SqiZRHX0FvTxawZ2JNaBLv8/Nf+6jPieWJEPzm/qh9Y+5CcEZRO+T+W0ahAtx+yZ6yspDEyDyVpTKrSRYRfgZ1bV+FcNpfecKOIxw2Xgz5dGhcIjo3OmQVOK+ttuTHpCSBtaaUU72GKF+8rp5MkeWqnhoYQ1ClceKvOAHQ9mWH+Zo9qndmJjTflJNquFenmYyIcKY1C3PQyHbAJi3YoCZrR7yISIh1HNDp28dfmAuoo9LoQATZsv9bqoOMAMPYEpBwA+St2jMNxEFkGCYQiZg7Xjfn2yJbFsmHLTh6JAvUdURixO25Wcu4XmG/zdQTlKheSjyiQfU7ZA33LGwdijsWv/301Y2M6rrdmzGiESjZqjMToYa6sfpwMpvUDHvkRba99xyXxgqvPSSrCE38Iq+9fe7982LPSyeQK4EK3ZxERtZCjkDcc2cJaRH79V65tjqVmL4awB/LfGmU3EKsFNb40liAKt4JQ6UjC/3UrcwY1gZYBJXfU1hjionKZSD8QHtpsq6xi3pzoAEoO2DJsQtkpl3+AbD3UXpajb4STFpw43lcCIovaWVQjYJZypCzOAbyVOZItfHkdOaLSjWPrhsGmxO6ztNi1gSU3k4NACtRjy+xXo0q79Ot/p3bg18iOaNfw3Nq2aEQlp03ocBCAh0MkB+z3sBZEez1Eo5vqfbyCNneklA3oNHFpjsSBnY7sKwPZQs4QSBzo8IW52taYB4QAJKhtPo83/eol8UKcEXLQ9UQfweqlazfURC9vLqcO8mIXHbgaxZUbEynm6Jioe8T5c/EuZ6acu3re62iEOThZF2HTlCdNUwoX0QDYTAOYb7oGrLQVaDJyNOm0GOQbRAVeYCzIBVtqLsl1izpzjIGiJhHgkW3VLMAeCOyF9gs4x5jcOhS5a8nAvquRG7DPEHa3inAeBC+uFnOk3YsGALZuipcdzohyMFZ4MuYRveVKK1G9GBuj87YOCIA0kVZkAGosUaAs3o9JOwYjoA/25tkQyUaZdUybI+1mwbl/MsTWgwZrHjFpxsZ4lPUdUdc1IHCTpJe4OIhwijaElVuUSyypsSPYo5sIvsyR1HSrbgj20nRpZmOAdo2CkMnOVGNPGs02a26rOq59x6VxEHesJ+sA/uDqB2tv5XEkIh2bhtrKTUdEEHuzUB1ou6UcVDmkpmU56PMl+N1xrrBryjJAj94MmnLx/XOGH0DmVWtS72n9OPNQCkUvf1OGRixEr6EW2puP8HERMYN/hkhIar2ZxnA85TQP4ucxOwa7o9CfYgw0jR6cQFmcJNy0MBY3/47DSKdtDrZLDsB30plt5DxLNlUfiMUUQP5MkAxkA5nW+GFQRJYIyaIqEAc+i1wPiGiZsiWL0DZN3xNICSIsMIeGRT1xXc3nk2NWbl2HTMA14lMQ6XpQ/rHykHbF40QD+Gavi5+pbQYpTdDY0J+FoQCkC5hob/jVS+IFOoBPzgmsrly7vpbRoTAEoX46SMLp5B091pdYwrp1yN+6m0SaLuxM7vp0t15oramH9st5hNQJW7ARUc2CrmO50xegPGStFa7azam3NrLbUqnVwic7KRhLlJtqKrzkP0NtKHa2lXcU8HTT0OG1n5gDrb0m1JBmGGv8J0gDFjJeK7WaIFluVOhRsFEz+5rOXxCK9iAA/9iXReLxjvUhRDc1GFyTCQaV7HsLv4Z8/3itptR8gqk6uEGYDOBdKkYfuE4DXPl7XryIlS5NAFg1OKEZfI6klAoqMyAcwMABJlLNRtNkKArPGM3AJePkAffM1+wba2VUY0KSJdWLhOsHhIcFg3gPExpxzS9/W7zwtfu/ofO38Cla5G1/Ex/5lF38gGbBrptUMLOGtBp6g1E6W2mDUm6PdA1n2hVPNYL29HH3AjwtYzHrmf1zdXMSzRl+YLZQI96MsOQw8cu/A/9k3aFJAnYbuI3mjRU4LE0F0I39+uTG36aLNGlCRbwYMpYrevs3+CAdshsBdbUi1jJjRgucth/6TllyzMd6bxyiODCCQlqu/aSwsO2eoBERTflZamT5V7uI9yoeIKwUBxGJBYoDs1hFKEyyiYlkqPkS9EL0wWeGg4Vp0Yzmhojug4EzwnTIg+FpjQ4/cBPdsAIIDGH7+nm+zsPDmFXrnCwWK2ZHjO4gQKhetJWHWkfVge6Eocqduq8Z51xwiu342IhK2m9X6tYbq3U844q1ePpzTtfr3PSZ++NvP3Ekho9MVEZwTSjvRHYWHyDrfprcOSVTRHXl2u/oAMoPEG5eRhfjqs2Y5FSDNyB1lk2UfCA54Et30FBtJnOe1GiYId2M5ZVmbDzKeim+oAfnSnqQHHSwWe9gMXbh74GBCeQlyhaCq1KSGxnpMCAh0M1OWqJuqX4hPaXXDK9re1+nUMBx0f9JX0wbWtgRexUqLGhW0nKDpEdmHCitiBVk4gGmNYcUd9qHZ6E5trvSK5MomPFmOzcVNulIJnxRAiur/lRfNxiv0Yj49ZWKZXIJ4mwWEK8HCjTY8NxaY28eSgHsIAl5Q4nsYrPjN6errPGjDNaphemW5SzLyYeGz25jb20XzUvNpgcGll7Ae6R+5WC6AVNG0xYoskErGt2IzvZW7H/+Ulz1pn2x59wdccctD8YNv3BbPPj5UYwOMxViSgVKktIIggvnIJdCquS6cu0DfCobAUl1ljNbLRK0XoN6RfvWZOE2iX4bbWrKOHNfrtgrSr91LDdXHJUU7UbqIhUp8LJrYNvmRThmcRjK4WdlH8Oh0DoCT1KIKmCMKPVUTyWFC1o/+IgOV+4j5nAisNIGInnjcRHSPKdFlLRonihVmM8YPYrkUONyYKETnn7srJNOmb9L7FLLponeDOsFUJtpXUH/4mDNPE0RcYIbWk2jh6e1xNzu/IFD5LfNrJfajNeHBiaWT+qG5a7qepHvJOoUcW3D4KjSKhklXfs55EIIRkYLtOEANnTW2aLXpcm8nLW4s6pLKy3XEUZNQNHe57JtdMtiTo1Y9vDaH8IDDzzaRNBUxSVXnRIvfcP5Ek/d9Gdfjf/29nvj2J2YvKeBEfWuYDnzPccwhaQlqqN6mSKgoRFbwG7lZ1WBWkADel9mwP6gWrtAHaYZLwupW7rw8qwDgtP2dWd6wwo2dGRCYf8UM2/85swe7U1DRyojIn0WpzioYNI5JHHM8tD8vNhRyLUg5aGCUujMvUC71D76HIoEdTSBXMSBtAJPrGExlW3TxpREmua2I7oYQvOW/Pl0GCgHksovhVu677dqOJKGNLSPGMcT1VLePzceYU2C0SSHgPoaQ/SQYEmlCHggGKmmFcw5PDUqS4FYXirDJ41qYab7QeNzEtEW1P8EqpXU1OTQNJp+Rr3neOS1apQlgtdy3CpwXfP+UvKYt2mHCI8XAddxVKNo7620orezEQffuDMOvvw81cgf/KXPx83/69EYPTKXwxafwTxMczMNRRHlZ1H94OpvyyFVJaGY0Z4yqPMTkdRu+UwO9CVS76F5YqKBK018Al33yJ7Na639synoph5Z2hZxbBOznY73tWmGjO+J16AinGGWbH0DnESYLl4dJZayxEmWegJs91dcoI8e9fZyUvmpuzrxwH1E4zRsFPMuS4uEI1ibpTkt68AwBid6JakVFwgivIp/7e7w9RAUhLZWWy6JPnkxdcNoVnxYm8LWvMOO12QKxBiQB5DPPBtYoEWDQsTcnA2i11iWAwNRUN9Xdr34GXqrukVHzIBT2Sbz9ypGYvNwfXrRZCniNLTgW0trMhLKAkXjz1CmmOCsSlPIvSUF677DpO7EqN6MXrWkppHrOVUd6TWz6CNpi3kv31n6qEb0gKw681i7KOKaXzkQ+y7eFTf/zb3xwbfdGg/fPIzNQ1ZVEsN1qrBBLo4XqgFX31uLsSvppF3XJY7WOCaXAS6KR3BMT0yIYKqn5KtsginhGWSfgtp1kqOp9SUJJSWwvOiCUm8iYmQuoSGdaBIkcXO+RqZeP7vJGZSFhWfGHBoOj54vDgGALuJ13KNE17LbP7WjxmjqCj3zKyC2Vn3p6ff8likJvMHmHKcs0qWF78U2Q+u2sJVDqIMirocqDVo+pYN319FkeKyFUJ3oW8ihqSFOmxPbnsC3NMpgFWIj6mYSbDkAWtVgWr2iW+5RFnVOkZ9phqPpWOC5SSLedm/ihfiTC/qJoRUdLrnru5HTUp16VG6YRWEqLzmoYBk8bMkJ0PUD0mrEs35sPV71sxcrWHz8w7fEJ37jvhjdA5xDA0PosJu/tkOl4271irXra546RTO9uesYNwveD0c6ZUrRr/peF8UzIhsPLxdcRMy6EUudrqKHQWbXMCbRu47hC1rMxAWfRU8OCqRXM7IFUSQnh7GoLD7QLkifYvPvldVmbB4lhRhecd1TpjZjd5Dabm5LXDxeKAOGE/bhuUNOG3QB42J70xRgi6YtkkBD6c2HlqOS9kBEUy2LIRUC4GJQ2YRf6NGW3kvM49pAMcgB2CP7RejeU+yuUaGRnnTML6kN2aSvF9ICPgdb5/m3HpXWWjYjs7ZCNkjVtq8AmSNrdqhhmda45sN6KG9G0cGEeRqq0ixLJBGXPGrEqAejHWPgGKAuRFXIY7VQHC0zx5asgG0f+p1eNHoR3V1VvOzfnRnP/f7z48ihjXj3z90Ud/7vccw2R8Yg67F5pbCpqok+T3XV6vtrLViG3sNX48OkBpeb22/0Y6XJtp1e3HPfUTUVph3R4k+EfyUjQdfba75sGpSqCrNQNAlJXXAeJKVfVHM0bWJgmByQVYKmDJpmpAGSLlRSnkTAZNbc6oi+r1UKEFpZciihEUN+Dq6fVo2vuODp7QwMQIPAh5cHjIJIHbvObcWDt1uozmcxy4czAY3d1CcRcNWSepQnpxoYPtC6iFgT7+swpJGOpTMOf0tUK6KrlqPpJZiKmKHDAEcTCLdsioBsXtpkqtGGiY40wswcspNsi2VYZJ8YkTlyZKFShcZOQitB5E6b8pehxrUFiIYHPNzsBmHqxKOZtivuVk18Lb9oBm2dZPBNFaJm9ixLrGJ1fzNe88sXx4WX7I4bP35HfPTn/y4GdzNEoOtOp10hE96KWl25el3NlnDpTwXM2H6NVLvaXhUm9ODwYWF+yAIBKYFQqBf0BVWc+tD0sX/IUO7ivXxEX1DioDZCNuHnZaeqqOuZJBR4wjcpzY4I5cuD2nvzkpYmNpzi+ZxuWBwhwCAZJVlSQf1inYRQCbG3c5E2aZimp2zcpNZM3XILl3wo9Q4WwtXYqK7lNrJNYyrk1KUR2Mz75oBE2AZKhGDOC91e5kvMVsXkzs9BPVXPtTuF9zF+ZwG9rDQ4EjI+shsrDZ8AYgF2Pvxq3tIrUNijcNykwak2NwdQJYYaACo52UzZfE/nSY+ASQi5lUCGoS5qFDxwstW2hNyCRSkyFMudrhr4qxODeiP61ZLX4LKLZaUV53//Ulzzy5eqVPj9d/xt/NV7j8XkCBQ7LzCSPis2XF++fO09ij8y0o5mLGu5sov7wWyk6MIF17I/zYCzAFU6dfGvJQ4U2bnilfki19XErKRs6QAaW+QDwGwuJAbZ11ak7KYOEfUHNQKeezBaAECJMp0KW2AqiYGklaJ+Ua+BGwoqMexDN6okwRNMtEjnVa1dE3cxxUrq0G0S7htp1os+O24F/N1spimQGh256/KdqS+9r1h6Yfkr0nBYKoCgi3oPvI3DiPCc76gFNjCMcK1iLZpWLrgahqkMN4+HelqlE7+ibtmEads4Ds7yelObz7UQMd1TiYDQvHg2JrJYduQvEdCej6FSysslgfsxGAA6Q3rqPXZE5JHSvo8ixFcOmyOryyjNzajxU2hmmpsJKnPcxLa343lv2BUv/5mL476vHI7/8nNfjjv/ZCAXfcoubYxnWkNAecXa+5VoeonLDed8MJMPKjb74A0IoaC5mbqDHKmpmOVNOThedGhhOuZDVr2x3DwAACAASURBVGCJogVkwGGT1YVTgDpL+9UvZIt0trIJxtNOwLjtffnVpfMS0A+BAb6di+rk1kRX6yG81oHbqcSZTlGGftKjGWjEFGwzW9IaQ/ATOhKxWBCeO9IyaZCoSqoxd98qxJUNTLmXlQkNjjBK/zKt1UQO0dvk3uX0JnBaclUba4qqZnnIwm6XQwBwbtDfkQ26vBZjZ82Lba9CtMDpVBeKM5kPURqM+oH36NTNS1LU+FMt9SZwQLcrdnwTPex8Q8dM1CSsKTPqoYMN4gEmnCnbWcjNCzUoKWn7zn782PX745wD6/GpD94Rf/Qf7otHHxnavqUa5iLMSVSvXvtQPRbjxRWEsfZWNGd9++m12Jjj+mkGui4cByCZWk9JKK0qXFD766W7gJEsh3jVbrTzY82HTa+yBZrqySqiv0S9A7TADQHQdUeXlUYeVqdVd3jUET7grkUcIcxpw2jJBxy4gnQh7p+c90nfeVjABSklGhM1IbpANBLa+ztMuzd2iSCq97RITqWJk9GgcaCK7RplgzycJV9oasccPD7SqZACrq4aMTiAkhcvXBiYG4vKhQWIxFOmjVE6qYlLzNQQVtvwiuzqzGwhCnJ4esoiNodiL6m6TsFUiM582nn2VBPrwUivwaL5UQCyASjXnhqzHFDfbxNXCpjM2HZYjxTEtESRzNOex3f85PZ49c8/Q26u1/3EZ+P2j7PXZSx/Ia3ZINK+Yv390r1o8F4GSbOeQ7tOSdOdmNwAqE8sKPKTrv7VNQIE1RTBqFPOulWsmZz7atSXfDPpLLIl16gKEU6q9t1/G5DtqVbKXcG580NRlZShTJ+TDvHtEsLIQrysYPBjkiu3tPnIYQLyuQvtCB5CxTWClIyKHOF9q5xiZBYuyw03LqLqA2hjv8F3gdPYq/R5BQoTWZnlju00IZoHhwKgujWVUAh+Ih8XCMk1q+u5orlZRFQzSSVdEIhLZy23BEtnF+vDiFLCEbfIFyodNNs1jKS6OCO1jywlgb1+0j1Kf2rCsQspmOn8D1eZh2OGLBfyL2hJ1vpuPGlw7N3TXK3jxW/dEy/60Yvii5++Pz7wE1+KjUdGtgBUITaP6qVrrOqit2lIfQbLdjQk5EMgMEvWIA20bZIz049s2XUQgU58E5mCsNGb3/mZsviL7q3NUpsYyuqX99PFLI2P2M9mgvQby96wpC7UM06iFYuP0wfJ0YPnPddSaa5At6uUQpPgQpsZrXoWgFwtfaZLT/cotBv5uR2ZGQd6MtCdExFwgDCdyWV+/q7OtNbsF2d/JhZcS8E6kF1JXxppIW3EZs0NRQPsUXQ0brLXVRAB5d2n6IYgqYpq0otxvRntdkc8SZmia+uAHxqAbtIgMBeBoC04y6ma7ybvGFJ8bhdYNHiaYFAn+hDJNxv2kNxb+a9xdOd9IxFqdFxC5PHLa8AD6IynQYUYS9ZR83i4Tu+5NBLlLGL7Gf249iPPjN37t8V1b74xvvi7g5jON218SoT/Z2u/k84Vpn4rEk45JB6r4eY+wyhyvi1qIfsDBXqZFeXWdEdCU5q4PArt4haaM0gN4QNpio9mzxShysu4XmXipgPnCUvmtelTokrmBMbAt+rEZBsbaTSU4FRtso87QM+fSyIX71Ggak651VC4ZsR6QyMjYXC2KikdNlio05W5f+aE89fe0aEskGQK/qYlnMtgFIdf9RSvzfXCn0+TCeQJLhtI7er4U4lIdPJcyWm7fK8ijFXTJpglUYDsZ+VbzecXkcDp01mtNAmFx+7yx9OuRjSWIsZMqBamyAalCwijCAmtLqda/LSyYlo7l2bSTYoF+jYywP+nE3u+uxc/+b5LYzScxH+++rPxwOfYmkqpNY7qh1dvqKeiMDmqqJ2YUfZvsyC7Hgof6kU/NhtH1FzQHQ5gSaQtLgAsEIeiBbRyBEqkhaTCa50XF1phfjGJ1HtqpjqmuKfmaUWbgpZBt3xMXLxr3QFPvHZ+hITyTqseF5YUK1ZMQjp8F5oTNp9jl2bnAw4KjgfMqifqqrXaVBEYIiZREHKpbzwQiBgnJgimda8xLEMViIegHJkkKrWbHLBaAqg9Y3Z20DhKzgmunEUmEE5n+KXs2ONvRaKVdYlnyBolSreLqH+g1ROUNnJVrZnXWxvDtXWDZzaNWD9AX0p3RiA4FmMkmAJBXAgb3jJwzwMr14poizHu3QD2GnT97weaiKnRYF4Lfpbu24Z+PvISpwX2ep147ptPjaveeiD+9MO3x0d/5isxHQ9jHJtRvXL9/eoFpAPQE0kw6ERvti2G1UbMKpYx++M7tvjibf2qVfTiEGXTIFcCzvFJGlATUjhmFK+sYPW8VsSCBDu5cVLqS+fqmaqIn4yVBME1DTRTMiReaIdVkwcMxxBNisaFP/fOEi24TmazBEPqZLOhAQKh0s/alo6TJ961Ur6WIDUr9ijwSlNlaMZSBfXmaqo8U2cfsiE3/3sdBhl62inVumrT0AwKF5BYLYI+r3aOUEr0LA0Ybxh2Ys0rsEtOBRQ+7CLr2o3DyiEpLZwit0aqnqf7mjn9C4NNaMq7Af0wSbddt3W49bNirJlYIiBZuYyGtKXRn+AkcQY8ffcAgrFkI1Z3rcSP3/C0OHXPSrzzNX8W9/05ZJVJVK9ce1+iOP6oCp1y0UzJouoTkH5afCg8TrE2mvfF0Jp7eZIwrvRwng+uG6iFNClyV2piHuh1n+IUSixk3IrfEaCjnS09ubyG5c7PkSWCOX10IcPKVybt4ZhESNuQzO50V7C3jbcHaWWYoB0ilnceUwK42UiHUY2hfDidetyZ+pK69jF3xnCOsDQiELoQrSFLcyPdcG+Uh9KlGXoaNzG+kgZakx43Y7rxYhy5KRFsknNbFxkGsh1PE3QuD4caRTrcroBePo9iVe4SLt/FKdd6Hj8EXHOoUbYcKaHD4aa8k6Oqpfdm8SzOg64GUyhTuIBmRGCpG96DnJNj3hWwev3iblz7kefEofs3472vvimOPvRoVK/CmkPF+1zQSoGZwdvEGFkQtHyTnEAz/SnlOaXQ5S1uSPSSwu1xUvEH5trqwKWxZcF9+aDl/fz0+QsJ9Uig1jy4JJcSFRbjvJLereryk4c3YeJSiozUcLy35886PGyYbIyjNSNKqVozUK4DbzSaQy85qYKWLyeRDEcw0mdJRwJWM8KWUViRN+q7aLG3I14hcCgqi+FTYCNvQeJB1wxbZQY66lS8ZXTWFk+9Hg8zKQ9Al58rh8ZHh/eXXYfsQShkUuaA1kdjVzPO1YkmeEbGmkTZA+J/YfqW2TSle+bnSONbqGdZXevhhOxbzHcWl8DvwCGv4kVv3ReXv+WC+L1//cX48/d9NaofWntvVmVOhJ4GOY0QCfSFjbItujUunD2ObWfLL9zs+bDaM5I7g62WS1ghI+PidRJqKRBHuWFGDn3DSKc8fyJECNR1J6cIm5FZ1d0iijoaKg1qXOT0LpiQ7UcA6koL7tjwpGGWbbqQR3We4xXhkKMpD5d1HO7r/Z0lsfKDp2fSehgZqOeoS3/MjUsdiEHyjHYJjZSoo1FaNoHya1Qq57Z5rmzGuhkvXDrQBn9WT4D8nW22aXq9j5UnF8YAi1VKwTBd87tb1cOkB8RTIF95T08on/wnftWSxvWQSqtTNiM4djpMAeHYYQOQihTdieXor7fjxz/4jFg9oxvvuvKmqP752vXoyFSU0yTYlNIwgdB8mCAiXPpJZh4MDONO1hoM0ZeIhuru/KGt5/Wh1ACbiJODOadxC9XV/mu5n3eraQGNvqRRPan3c7WCKV+4mIw0HaEO4ZcpQn5YSP36DDnT5Or6wABZMMrzAbSDgy8UEz+lLlgwkpuiFQV/9AyWBAQTyARb31JBTwqNjejoOhhw7zK2GxRMzx0y9RhvqpoqK16X/8YHTQI1fa2w0mXKrgrK20U5iK7TDePIRLHOFV6akycgr+eH72pSiDOLa888w0r3ZQGHpBKq6yZq0oDJtLoWLEIPoguSMhVx9rNe2VeDYi0jamY7PkupJVW28f6KbF52tH7mcvzU/3x2fPFT95KCr5MfamkuDJlQW6UcUrSdLMbF13NPJ4BWTgrWE2hBTe4BSfm9xlqsDSgRRzvilK6oD92D8WquTfxlpOaVTNHjMkM7TqfUnj4yOdrCSIdt5J6ueyKiSFJSIofNh9NFhm+08bLSDNi5S34zUy9oVI1buiwOh2qvlEEq4qXJT3aEf39aY+rZVlepeTG4Iy4Lk611Z1wHU9/8vZXuUrdiFrFhpx6HP3HRwkz2jr3Ugpax37zruW0eAIHcYhLxqJvL5/8uhZbpWOqIOczM47UpyyVIic6FXuwq0J0uKd3kBjee7qCdDQ1ZZRWplExGM2MG8JEH7nt/6rz4vrec7wOoJ6QU2qqTiEosrWFM4xjjrozRFAtP/Ku0Clrtmj8ncRGFfdaKWVnppgHlYPWhaFWZteL0adZsaUZy7qB3pLD2YXFKKt2e4Qw/JJaQ2izJ0c3QQqlRfEAStU8wWvUdlPRE3BQJU5DFRe5GNzZjU5/ZfqYmY5RSQYP/rIYV6cNFt1g5S82oN5qK1P1lph6zmBw1W1xCemzqUqbgZiwbJ5lDJWQkgyebYqreTHY2P+eD4TVdWkwNBDLDGq+b3t74xGSdDvGZBxnxk+o4MDy4gZ5Huznz+BWtRmlcJEhbQCyefvBvOKRqPKuJ3cNE7SIiejmjHooMLKKq6aGyYMoDCK8A6TR6cfW7nxnVj6y/B3sp53w9ZaV6yNmqXkDzqcWJV/uerArVWmllIfOgXHTj4+lf9lwur2eowAwLP2cid6b2xE6ojghlHKUONRsiYVSqsyzVFH0/4QvHxnw4dEBhwphF4h14pf7KlMj7arzkw11uPgnEsdIkTzBIyVSTYcy7gIVK21tGdeJRznWoBVAXqEZTA6SJPq5b6axgc35gXCvzeZuChPy+bpikwaYOE/XNzBuFLBFpvYTG5FKTQGx17LKp1HliRuuBM/i8qGHVUHjHyvG1n3FOs31Q6tmexI5gj+3K04dHuhGXTAbUKScyy2g4sQVqQWDl85++b1dUr1l7j4AJXchMu6q+dJhynVYWtOR61SWVafdoBijsbW5U0rNOnNH+pLbTeRaxtERBXADA35x5cvGM0wGXmEcoFVweLDBG7SXJYr9MJOhGeZIEempdbNOaCI3yjLU5nUut4sZlcdiy2VkQK53eRXGSus91I0fMKdX6YrIDdZIJoGntK8GPKUoeMRqi8fV0eSBMTtoS16yMEQVfYXMsl4mt5suoAVge6jrraxXVUzoJ7gpoLkgyx4VMqexvYyDakA2pkubNr+cGccutnywkLNHMkJy9GFrzN8eeDk/tOiQznYMNQijYEkvxg2I568z4oVe7CrBfj1Jt6aDmx9qGF1DmlLGuXvstfVRfePNZfPG5qOaOUQi7KAa4TARdtCsvcQErM97nFsY1pcdyrgQ8Jy3wiiJTwbpU6/FUmdbuGjQX3GT16DURNAimaCnSpVDeVY4Pi6cs2pll/A6pQQq0+WQ8LJ6bOuJ4pFewMcBgrypbvF6KtEpKYQJDWvIkJuvCBTTlLpLXV7ebEVKKOnXDRYvhV9PBkdkk6j3zGhewV47mHNFSUM7fAwkh58RKWOJ+al7tMZObBKRdRW8xmtNQKTvgfmMpNmYbtobLJTn6DEneJc4K+OYBZg+MYCbfT+6gOJ4qQ3Icmg0TDzjXhIBBI2eNjlMvZI8C5ZMRxxI/0ayaC6A68bVr75aeze23uyej/Twxbk2cVlHbG1Ix4m5uWaI2LtxFMvWbcBv44F28+nLjuNjQixvsL6JxXj7ZBceTRZl0FCUKJ+M3Re860rlER4VvdqeeNNuJy/hWRjFBFT4EBCmP4air7O5Qajzn75zZykTSUbQccV5bGmb73peJsMuMktg0yUnyRilIkyygQ+kgqRpqMacuHY9s5RyNxKE0aUr+0LiO8ZnLaNAegZQW5hny/6MFhmlDTYxJgDpcGcrjKmYMFjMpA+x+iMSjDBgqdOt8L4/rCohTul/xJzOQSLmXu/m4y0qvOYZT8ZTsbLnvi09J7QhiYfGUzOKzXKh+dO23lJ2dsmhGRopCMieqRub6lQhznFTTGBf1W7mZPpAmLOLhXEDShGb0dUt74b3CGm5n4c4H4795AHhfzVWTp2E+oSMpBbxXyhokL5GluPkbLt2qGfmcpPqFHlXRJ9nS6t4su/R7uVSQgBwj9SQr2G7ED2NJ46VGFa4n3G4mqMaHy/NrgbocenW0PnuuAwtryD7aoi0kwVdMaclZvbxRUgFuthg0no6IIoVPIZuTyEzqYUzYUHPYdBDggfcaNoE4aj70QAlCck3pLtipWkrHpKDJ01vIQ4Ge3K45YiZJ1vKo47BiN5LS0iQG7LGdBWyy9sgaVHeJ6/4v1q+rNZnIU6mTDKCZVr1KpYXdrBBsdLVgSuLQ6T9Qr3msQ7dnKpMnEwJAcZZKU0trJcJbLfXEGDd0h5saZU09SEFpzKRCwSwYRnmyVEuCa4FBVPrI1jcfGiYj8hv0/JKhvSEkxzTDOq5ZOdDULCZsWhmm9874VmJCScekPkcpv4YihiAUZ8WCPRqi8Pcz0OwamhTFf+PiRXYpPRtXQZocOk4iGkKnbEj4N7K24/9RhsKhyzoa+aYHyySxnLOlCQ+CmhCN/eydLfeKzAIL2WxCNXrEFkbuHn9q5YPq+2yWjgPpPbnJZjNTYYmkXnBkxpQeC7G/veLM9H37T1avXXunqZw54/VtTwxHv7ueU0mbKbY0BTbA4QClsCjRPbfiBYPKVJ3dtfliLsitu7DhtuvGpIzDvlbadkR0vVbgGjcIBiJ4cMp4sKRZivO2C3h1pdkQqJzw5IA0KkZ3vocSqoB2z4O1Hy7/vacRZbeaFXqKBCkM8npb3tMECu2ka+Bmasti0eEVDdxouNxxv24Nr90iJrOh1n6JlpXvzWzbjlrePMXh4P17sRyj2JReGcYOXayCCF487eXAppirzwEUNWviKLpZb0Y/+mI4lVpOFYGY0wa81ezgRBtz/VuPJbY2WHHAbYS5ZUzgB8QuFO7SHUyU8RJ5cFlhy7+tPqOK6sfX31XbNX2SYh63Dz5EZazkxGamg3M5H8qMEWhUPul+21yxkNGLi1LE7mK2ZHVYJgGaAJT3OQ5DslDe4K+YzcUvRY9L2XRkDNAVkJ0KbCPiKKfmSJfGUx6DJnYoNYHVIHQZRnEomMr4IhXAu5QO/mm+M/ieGwb/8kzYcdAGnrlvQxpd8+q0Ny7LBrNxTO4UU3ohjHLXbvaXK1iM0nmYtPo1MUC01Hwq4XjijiThQobsnpbgl2jDq6wVk8kjPYdmUoZseBc74KYhaG4vkG1cduaFCEEmc1OydcUKk8cNi9EQe9fkA7+YNDsNi7Scr6Hu/3Xr13lvdGo9HF18E8FrpBcWlAGASjFJfeY6xfiWmS2lujbDhW4TYNYzVMBOOeMXsXPqEoQ5HheSXdx71OM6yL87FRqly4zpDjtNetxRFc8T/5tCFHCMydmm9ZqPKfRd1201FxwSDlEBo1HgmYZARKUD7j/m9cv3LrNWU53cPXois9VVC02Q46sjqQRWPmu5OiHNLnVYGvrZMQIePAbTeQvbuyIwd63tn3ET6Kwi94f8rgX3mzXn0ZolRUuLsl0SLX4VqWeOFwrLhYfX196pUxXdouH04eev7aRrPNUK0sxaNFv50Ps+5HbVnLlXr1+nCzb+pmdearT00pMrwljETSW64j2cqIc7JhdpclbNHcGKIvADcyykKFO3kynhvqrMQAtbWU9FHg5PPCy61gHSqMpRReWCoCB/WW5iiT4exTkKOtqYr1a6Y/9MScmKLxnJ/LT6/Z0mlT7KyDGnKqontZIs/41m004/1jX7s3EYeQ0zlv04ALVIEZd+O3ae4C9N8BQBYV5bAdjwXFzXXiZANDLUnB6ZaWKjGtsHfeFGK4mDdzVzqGlS2Lls3QgAt1WHcCqLYB8slQtscq47c13wxcPtHF04hG7iXfZs/Zk/hwDzNCAy7ldWgWVAoSbNsaax4iqq169d522ZeupK8+2T7WhgqnaJamLuKj368gl6US1lTFCezIUpsmjVfVjcQW59AWo/oiz6UIbVeTQWIy4lj+T7uUnysmo+OClNNHGlS3eH3CSM0a17zeI/D50Pqf1vCo3JijE+tin4WZnpNdtgVfmgcYO9ktW6E4/8fGi5SiZHkJ6SUZIpkVRsgD6bLBFTrZdQ3VtYNik5pU7UvFyTIpsnqbHhpllb7pHZfBQ9bR9AGjmLXt13xJFEAILCSJ7f/NlwPswHyRoZRmlyo6Aq5UA2nfaHWPYnkC6hkhjvbQ8dwPfy4XT69SGlqy7NqsybNF7l3rhck5VKZiOD79Yu+6HJNRmvX/vNGqpngRe42A6rrgHVTggkdQeqkZU9f44rRD2qc93FjcPVyhHR80EfVmNqpWN0u2gpZek2fYFdpRBVktWxUMsV7trxdZkTs0XWRCcP481Jc3QoJAZTtwr+aGq+NCYZxZTusyNkzqpiGZ9wDmRKPLkTFPQZ17JkKBHT82RPGByxSwT3xMh4q35WmKSjX3n4y+RJwvdcEM6hAd4BmnIGcMPA/wO+Jm5gwjb8bkES39sGUkQ7IncZs8mlAfMoGpRkr+CVPRyNbI6ULg38O5R6/rh+fJFTGj8sNC7X10YxCgjka8p/287ZFH9X3/65MubTw/WGtXcrVOBGYLaKL5JjYVHu53gp04k/PAHXGyl1gMqmJc1m/WdqPqioBJBCYvCHLFreAmGoREgfPMdH/+Ij24ukbHIqtWB5riD4uLPKo6PDASKvIju7eOGcqWozuLvVYCgl0v1inSadpycohXxawGzXRIaffAEdYY1vGWzScp9kIQvvA74SZd3QhxoUST+RDaSTl+bKMAaM+ZAKzT9258n3xwRJtfVCTWgIyegAZcgklsLLhbSsemYiVtGISBkoZwaMJoh0fuKpA6VpZqqF+EwakySepkSAw8MUROVE+gZqupQ+kJ6QuebOVtAZXKnY/o/KpHLazeWWWVPqLrxx7V06nxIRaQRmwXM5ACYqeoO3Ln2SPxdPLgUt9h1puVvqrsJB81NvSr5/kVYda8xkMeExEU5LG5OMaahgEj02eGruOTY/UBQxHzDBDYq2uQpWUYFap8xzfeP1HAuATdp42VVXqF6KoBxGNy0SmGvLZ0YpOQmUf+MWzBffpYVjhHlOWrw4Ghq3FIHVWKkZOoUShkArcUt0OHPXjqKK6dDiw+dRGfUghA+YQUghtOVzVkcPX8Y540YskMfRa/SFgfIwcWjQcAvsx3Vi6qZIYIIin3E5UuGkHuR1nHo0WM1jMN/QQGLEGt3kUyqy5Wf2IbaRFdfFkW1rekNZxPcoQHkxAeWh4awM8SKMflRvOuU6Y9uaH/rUSneaM1Or25JBoWvsusZoodOq1WmuDWy/ZmTfftOl2F4Mq0y9ytTnysw1pUzEs8DWeG5Rd2yxgUtHpkiZTQsRV3CMVeV2ac29x04fzI4ddRwpE+TOrtrLjMyGLhHF3anHjiqNci7sgj8JlxlLC4bpzjlpbEkJgxnjQ5TwQ3a8/KGJCI7uJq169kvzQOpEI61ajE0AkrGaLYP5pYgNpRHQLmwrEbV6VlaCLvhlX8e5T1qWKFTKUoZNdABjGI1Z1sZZjmhdhOpqPzg2FU8bv8Q8zPMruGhR1yUVLM3ihRcK8Pf2TXn9JIaoRvHa9d+sjfmUSszldYGjXQE8lqDIn7UDATU+LaXlcEdpfMxQijE3Jyspp7KGcawwh8ypLVedimXt6MiYRlEuLcLM2nA0M2ZlrQkuq9Y45KtKnGQUHzfPot5yh2+N8rgeJDua6GSShKj/SRFDZinFXh5XryHjcpkHp/T6GFTA/1JGPxkVynfkc1P4E734OfHisvkwU6UREAU8SQH8XbIZQGMY3fmysD9NpkR5m8fR2ZHoV8teTyEeopanLHwS2S4liSbsZiQImgezzcnXjj3GNuoq0oVQlMNxgeAxTiYRPyM74Da7/KgPMRZiXLdVvpD6nWLtUGafSWcm/TxdeZYSpSHhnhvlyCnYT63/VhJSwWvcbLj9SDcARcBE+vWFvfWnYIcmzpsaX9w4XT8mFp7D/EI48Pl3tPSHteyyHDSl+2Q4O8RzQKzRMABu83LXij70vH/pSH0O/VSKWZNOXbaSozZMfrVKCddseh0iECKeJFtw8VQupzzRpNDE3BJXtAyg4GRZW6YVrmAY2ZrBkLHblR5FjekQrzv6ceiJeBqlsZO4Gsenhn+gVPy9raui22rH381vjU8MPhYXdJ8en9z4WLx19T/FRzaui3lrHC9oXxX7WhfaY0cWH1MttGlMm3Lm556odOgwbZmYC5U8P+UmOmkxaojIrdhka2YauhNJ5f4q/Q91vwXpFuMnqF8gGe2JcbQ3HEdqtl6EO64NVynqF4cz2dzVv1r/zYLMZCHpAbSxN++YLbNAMVuzRad4LbHPI32U8o5+NgASq9QFaLJBCnwIU0NQSWoOSpfttj5N3ETzMf9QT3g+eSY8UNzbgZVukwNNkUu02dKQJOZX+OfZfBR80M9xse/1oXCh77pPeKIkpBwiOv/C/PV7i8iq6GyuYckSYmbXjeiFvZY34nCsVKuLf6NmqG7Ji/nh+T3SYNPh7qx2qy764vwv448Gv6fP9rTOc1Wp3jz+bNw5ucXWbfUklporMZht6HN2q6V428pvxHJjJT45/Vi8bPlqzYvB/wbNY3F6dbail5y9sN3QvNdTK+OLnttrAfYsYjjH+q4lUTrXdzTDECAbqtkoN2xGTKYTk0bSgMXjVAcGmjigGFHgopfuM7LxdPTLmkZlzpvW36kU7KUzhVipht6mlYJAkhxa93RTqKVUK0qQzPzQb1bEzdrwXXxXCgs5TQ0LbcepGv9p5QAABxpJREFUwzrjImY/HgA2IIxmt1Df/eQaqijzX9Or3HHa+owDeHy3pXVWi8m0E7UmMgKwC52skGQ5aCZQ+Hc/zZJ6ItpSSvfYyrYjriYt8PbYUIcrevGZyR/Godn98Wh9KH6k99MqMUnrfzi6IV7YfpXYM7+9+QtKU3IPkGi8jtsmn4tecylGs8102HcNpev1NX71qxV1z0fnj8Tu9l5hmGe1zonbZl+IV237l/HQ7IF4VveyOLu5z7kpAWyimqBwYbh8WYzOZ9qsJDKDaj/v9RjFUJxDDlaSnp1yhSHTGG0upiWFO+D5sLfbL4gfGh6kNJafePP6e7JKM9ptd4PS4Wyh4nZtyeF6ajrkaE8hTF2UhXrui0owJUGvHO8taqTEFQ35NJMzmPuAlRqN5ntJiqcJurniGQKKHi9cN92bf3fr9C/i/OazY4iWo7FiAFVR0kQHXkjkgUybfHYbDznFk36/Mr0p9rYu0muigaH4fijuiS+Nb4xLOi+OjfpIXNi8NP549GFFsWd2DsZqdYqOIX9HFNtWr8WHx78Wd04+H93ox48uvTWWq23x19NPxyeGH4m1xs44s3Vu3DT6dCKgBXj6mmfsG/4LE3zBMTvxQ0vXxKAeyNdvf+eC6NVLcaD7zNK8u4RqNmI8w/1qpuWHmh03ka+PZbCO17ToYEnlkuoOy5AYGONYaLkdJjSSzK8nSxAFkGIS34jqLWvvU5VGYU6ORoPLPxjUjwr+MEXKrgWfm34y9jUuVVaEkWHCqsFRNx3lxBevYUM4ha4t72YdIwpyNzsc6vtnt8dD87vivNaz45H6ntgRZ8T9s68YXpgP46vzL0W/2h4Pz+6Mw/MHFD12tvbFOe1nxB2Tz8b5refG3bPPxU3Dj8d53e9WrUeEWqlOiQfmd8R57eeoptrd3B+fH39CaetA+/viUH1P7GqcEzdPPhN7298ep1Xnxe8P3x6nN87TYbpvdluc2jorbh/9VQzmx2K5uR7D+bE4s3VePDi7SxOJ1dap8YO918XTmt8ZX5l/IT45+oj0r389/uOEXKroVdt0hTicWyjnN3ymvuEfXOB0KSVYaqzEwd4L49z2+fGZ0Z/Ewd6LYmd1epzb2i8rZtA4MNxpc+rox//It5FlQw4+m7GRrHmXTPwbDx+MjognhXODOARu7EjGBqNwx1r+2frQ/D7VEOe0DsQj8/viM8OP6gCe3jg/drT2pgxxFjcOfjfO7j096s441sZnxXM7r4qvzr+g9LTcWI87pn8dF3cuy5qtTDjMbTtaPxjLsRaH63vjC+NPx7M7V8Wx+UPx+ckn4+HZXfHA7PboVduFSS0112JjdijxR2tE3EEWNX65B64qPeA21vd4v8rftyuoSH5Su9VKjOqNOKV1RhyePqCfP6f9rLh/dkuMsA9LJZwPzD8cofY2L45ndV8Ufzr+aDwwvesbPiAn4gdNGEG/4Xqbu3X18uviB7pX6iEeNQGoyyTD5c2wGiwmZCMmNPOZJZ0KdYb6tVwy5RsuUQqS4t7CmxHmUa001+vB7FGlpe3N3XF09sDfu+DWY2zd/NJKRJzTeXYcmd0X681dcWp1Vnx5emO8Ztsvxl3TL8QZjQvjryZ/GKc098RNo49La3Boeq9qxWOzh6NbLcegPnIirvkT/p4G1SGWchP///91WvP0+LXt75J71QhDUq2a8ASL3c+FHsfhI6XTx1OjjuqBqPfUjR0tvDFIzcGm7t6oN2Kt2iG61qH6UGyv1gt8/81dNA7TcuOUODT7arxi5d/GnwzepwNNFBnPN2NYa8lZKom/ufc6+dP/b67AZd3nxbXLb9Ja2BmyTDVeQDqjVBkaqNaso5qqNiRTUG4NYpBe4OmiUHNEe/Gx4e/F3sa+ONC+JP7H8L969PeP5pd/8vd9El7yn/wZTv7AN3sFgKPesu2n48LWRdGat+O2+o64a3ZnHGwfTH99XBSo7YaC3CBg8D90yeqeczwnbqC1ivHOY78em/MNqxMTJzx5Wr7ZO/Ut/PMr1XLsbu6Ovc3T4/+M/1ww3cuWLo/LWpcFf3es3oz/Pv6DeFrnorigcWF8cfalOLt5lqLi3fO7Y2djt8rn3938/Vhubo8vT26No7PDj7liJw/gt/ABerK+2jM6F8Uj8yOKjp8YfirObu2Ji9r74svT2+Jg93uEKQ/m4zhUH4mj9UZ8enCjyBWDx0EBTh7AJ+sufQu/7uMdmsKlpNbHuYEU/uh84zhtyNdCKP4xjOFb+EKe/Gon/gqcjIAn/h48pT/ByQP4lL79J/7LnzyAJ/4ePKU/wckD+JS+/Sf+y588gCf+HjylP8HJA/iUvv0n/sufPIAn/h48pT/ByQP4lL79J/7LnzyAJ/4ePKU/wckD+JS+/Sf+y588gCf+HjylP8HJA/iUvv0n/sufPIAn/h48pT/B/wVC2CKEMePtYgAAAABJRU5ErkJggg==');
INSERT INTO `applicant` (`id`, `position`, `name`, `email`, `phoneno`, `ic_passport_no`, `nationality_id`, `address`, `is_pr_singaporean`, `postal_code`, `street_name`, `building_name`, `unit_no_floor`, `unit_no`, `dob`, `gender`, `skills`, `expected_salary`, `last_drawn_salary`, `uploaded_resume`, `about`, `pic`) VALUES
(12, 'Web Developer', 'Avalynn', 'cctan.93@outlook.com', '+60109707813', '930428135354', '116', '', 0, '', '', '', '', '', '1970-01-01 00:00:00', 'Female', 'Every skills', '', '', '', '', ''),
(13, '', 'Vicky', 'vicky@gmail.com', '', '', '', '', 0, '', '', '', '', '', '2018-12-05 00:00:00', '', '', '', '', '', '', ''),
(14, '', 'Louis Ting', 'louis@gmail.com', '', '', '', '', 0, '', '', '', '', '', '2018-12-05 00:00:00', '', '', '', '', '', '', ''),
(15, '', 'Tan Chia Chia', 'cctan.93@outlook.com', '', '', '', '', 0, '', '', '', '', '', '0000-00-00 00:00:00', '', '', '', '', '', '', ''),
(16, '', 'Tan Chia Chia', 'cctan.93@outlook.com', '', '', '', '', 0, '', '', '', '', '', '0000-00-00 00:00:00', '', '', '', '', '', '', ''),
(17, '', 'Bookelyn', 'bookelyn@gmail.com', '', '', '', '', 0, '', '', '', '', '', '0000-00-00 00:00:00', '', '', '', '', '', '', ''),
(18, '', 'Bookelyn', 'bookelyn@gmail.com', '', '', '', '', 0, '', '', '', '', '', '0000-00-00 00:00:00', '', '', '', '', '', '', ''),
(19, '', 'Test Applicant', 'testapplicant@gmail.com', '', '', '', '', 0, '', '', '', '', '', '0000-00-00 00:00:00', '', '', '', '', '', '', ''),
(20, '', 'Test', 'test123@gmail.comwqw', '', '', '', '', 0, '', '', '', '', '', '0000-00-00 00:00:00', '', '', '', '', '', '', ''),
(21, '', 'Test', 'test12345@gmail.com', '', '', '', '', 0, '', '', '', '', '', '0000-00-00 00:00:00', '', '', '', '', '', '', ''),
(22, '', 'Test', 'test12345@gmail.com', '', '', '', '', 0, '', '', '', '', '', '0000-00-00 00:00:00', '', '', '', '', '', '', ''),
(23, '', 'Test', 'test12345@gmail.com', '', '', '', '', 0, '', '', '', '', '', '0000-00-00 00:00:00', '', '', '', '', '', '', ''),
(24, '', 'Test', 'test12345@gmail.com', '', '', '', '', 0, '', '', '', '', '', '0000-00-00 00:00:00', '', '', '', '', '', '', ''),
(25, '', 'wewqeeqe', 'ewewewe@gmail.com', '', '', '', '', 0, '', '', '', '', '', '0000-00-00 00:00:00', '', '', '', '', '', '', ''),
(26, '', 'wewqeeqe', 'ewewewe@gmail.com', '', '', '', '', 0, '', '', '', '', '', '0000-00-00 00:00:00', '', '', '', '', '', '', ''),
(27, '', 'wewqeeqe', 'ewewewe@gmail.com', '', '', '', '', 0, '', '', '', '', '', '0000-00-00 00:00:00', '', '', '', '', '', '', ''),
(28, '', 'wewqeeqe', 'ewewewe@gmail.com', '', '', '', '', 0, '', '', '', '', '', '0000-00-00 00:00:00', '', '', '', '', '', '', ''),
(29, '', 'wewqeeqe', 'ewewewe@gmail.com', '', '', '', '', 0, '', '', '', '', '', '0000-00-00 00:00:00', '', '', '', '', '', '', ''),
(30, '', 'wewqeeqeeweqweqwe', 'ewewewe@gmail.com', '', '', '', '', 0, '', '', '', '', '', '0000-00-00 00:00:00', '', '', '', '', '', '', ''),
(31, '', 'wewqeeqeeweqweqwe', 'ewewewe@gmail.com', '', '', '', '', 0, '', '', '', '', '', '0000-00-00 00:00:00', '', '', '', '', '', '', ''),
(32, '', 'wewqeeqeeweqweqwe', 'ewewewe@gmail.com', '', '', '', '', 0, '', '', '', '', '', '0000-00-00 00:00:00', '', '', '', '', '', '', ''),
(33, '', 'wewqeeqeeweqweqwe', 'ewewewe@gmail.com', '', '', '', '', 0, '', '', '', '', '', '0000-00-00 00:00:00', '', '', '', '', '', '', ''),
(34, '', 'wewqeeqeeweqweqwe', 'ewewewe@gmail.com', '', '', '', '', 0, '', '', '', '', '', '0000-00-00 00:00:00', '', '', '', '', '', '', ''),
(35, '', 'wewqeeqeeweqweqwe', 'ewewewe@gmail.com', '', '', '', '', 0, '', '', '', '', '', '0000-00-00 00:00:00', '', '', '', '', '', '', ''),
(36, '', 'wewqeeqeeweqweqwe', 'ewewewe@gmail.com', '', '', '', '', 0, '', '', '', '', '', '0000-00-00 00:00:00', '', '', '', '', '', '', ''),
(37, '', 'wewqeeqeeweqweqwe', 'ewewewe@gmail.com', '', '', '', '', 0, '', '', '', '', '', '0000-00-00 00:00:00', '', '', '', '', '', '', ''),
(38, '', 'weqwewqeqwewq', 'eweqweweq@gmail.com', '', '', '', '', 0, '', '', '', '', '', '0000-00-00 00:00:00', '', '', '', '', '', '', ''),
(39, '', 'weqwewqeqwewq', 'eweqweweq@gmail.com', '', '', '', '', 0, '', '', '', '', '', '0000-00-00 00:00:00', '', '', '', '', '', '', ''),
(40, '', 'weqwewqeqwewq', 'eweqweweq@gmail.com', '', '', '', '', 0, '', '', '', '', '', '0000-00-00 00:00:00', '', '', '', '', '', '', ''),
(41, '', 'weqwewqeqwewq', 'eweqweweq@gmail.com', '', '', '', '', 0, '', '', '', '', '', '0000-00-00 00:00:00', '', '', '', '', '', '', ''),
(42, '', 'weqwewqeqwewq', 'eweqweweq@gmail.com', '', '', '', '', 0, '', '', '', '', '', '0000-00-00 00:00:00', '', '', '', '', '', '', ''),
(43, '', 'weqwewqeqwewq', 'eweqweweq@gmail.com', '', '', '', '', 0, '', '', '', '', '', '0000-00-00 00:00:00', '', '', '', '', '', '', ''),
(44, '', 'weqwewqeqwewq', 'eweqweweq@gmail.com', '', '', '', '', 0, '', '', '', '', '', '0000-00-00 00:00:00', '', '', '', '', '', '', ''),
(45, '', 'Justin then', 'justin@hotmail.com', '', '', '', '', 0, '', '', '', '', '', '0000-00-00 00:00:00', '', '', '', '', '', '', ''),
(46, '', 'Ali', 'ali@gmail.com', '', '', '', '', 0, '', '', '', '', '', '0000-00-00 00:00:00', '', '', '', '', '', '', ''),
(47, '', 'Ali', 'ali@gmail.com', '', '', '', '', 0, '', '', '', '', '', '0000-00-00 00:00:00', '', '', '', '', '', '', '');

-- --------------------------------------------------------

--
-- Table structure for table `applicant_interview`
--

DROP TABLE IF EXISTS `applicant_interview`;
CREATE TABLE IF NOT EXISTS `applicant_interview` (
  `id` int(11) NOT NULL AUTO_INCREMENT,
  `interview_id` int(11) NOT NULL,
  `applicant_id` int(11) NOT NULL,
  `status` varchar(100) NOT NULL,
  PRIMARY KEY (`id`)
) ENGINE=MyISAM AUTO_INCREMENT=51 DEFAULT CHARSET=utf8;

--
-- Dumping data for table `applicant_interview`
--

INSERT INTO `applicant_interview` (`id`, `interview_id`, `applicant_id`, `status`) VALUES
(16, 16, 12, 'pending'),
(14, 14, 11, 'pending'),
(17, 17, 13, 'pending'),
(18, 18, 14, 'pending'),
(19, 19, 15, 'pending'),
(20, 20, 16, 'pending'),
(21, 21, 17, 'pending'),
(22, 22, 18, 'pending'),
(23, 23, 19, 'pending'),
(24, 24, 20, 'pending'),
(25, 25, 21, 'pending'),
(26, 26, 22, 'pending'),
(27, 27, 23, 'pending'),
(28, 28, 24, 'pending'),
(29, 29, 25, 'pending'),
(30, 30, 26, 'pending'),
(31, 31, 27, 'pending'),
(32, 32, 28, 'pending'),
(33, 33, 29, 'pending'),
(34, 34, 30, 'pending'),
(35, 35, 31, 'pending'),
(36, 36, 32, 'pending'),
(37, 37, 33, 'pending'),
(38, 38, 34, 'pending'),
(39, 39, 35, 'pending'),
(40, 40, 36, 'pending'),
(41, 41, 37, 'pending'),
(42, 42, 38, 'pending'),
(43, 43, 39, 'pending'),
(44, 44, 40, 'pending'),
(45, 45, 41, 'pending'),
(46, 46, 42, 'pending'),
(47, 47, 43, 'pending'),
(48, 48, 44, 'pending'),
(49, 49, 45, 'pending'),
(50, 50, 47, 'pending');

-- --------------------------------------------------------

--
-- Table structure for table `block_holiday`
--

DROP TABLE IF EXISTS `block_holiday`;
CREATE TABLE IF NOT EXISTS `block_holiday` (
  `id` int(11) NOT NULL AUTO_INCREMENT,
  `holiday_date` datetime NOT NULL,
  `description` varchar(200) NOT NULL,
  `department_id` int(11) NOT NULL,
  PRIMARY KEY (`id`)
) ENGINE=MyISAM AUTO_INCREMENT=15 DEFAULT CHARSET=utf8;

--
-- Dumping data for table `block_holiday`
--

INSERT INTO `block_holiday` (`id`, `holiday_date`, `description`, `department_id`) VALUES
(9, '2018-12-12 00:00:00', 'Merry Christmas', 0),
(5, '2018-12-25 00:00:00', 'Merry Christmas', 0),
(14, '2018-05-01 00:00:00', 'Labour Day', 0);

-- --------------------------------------------------------

--
-- Table structure for table `brands`
--

DROP TABLE IF EXISTS `brands`;
CREATE TABLE IF NOT EXISTS `brands` (
  `id` int(11) NOT NULL AUTO_INCREMENT,
  PRIMARY KEY (`id`)
) ENGINE=MyISAM DEFAULT CHARSET=utf8;

-- --------------------------------------------------------

--
-- Table structure for table `education`
--

DROP TABLE IF EXISTS `education`;
CREATE TABLE IF NOT EXISTS `education` (
  `id` int(11) NOT NULL AUTO_INCREMENT,
  `applicant_id` int(11) NOT NULL,
  `uni_name` varchar(300) NOT NULL,
  `graduate_month` int(11) NOT NULL,
  `graduate_year` int(11) NOT NULL,
  `qualification` varchar(500) NOT NULL,
  `uni_country` varchar(100) NOT NULL,
  `uni_fieldOfStudy` varchar(300) NOT NULL,
  `major` varchar(300) NOT NULL,
  `grade` varchar(300) NOT NULL,
  `score` decimal(65,0) NOT NULL,
  `total_score` decimal(65,0) NOT NULL,
  `additional_info` varchar(1000) NOT NULL,
  PRIMARY KEY (`id`)
) ENGINE=MyISAM AUTO_INCREMENT=13 DEFAULT CHARSET=utf8;

--
-- Dumping data for table `education`
--

INSERT INTO `education` (`id`, `applicant_id`, `uni_name`, `graduate_month`, `graduate_year`, `qualification`, `uni_country`, `uni_fieldOfStudy`, `major`, `grade`, `score`, `total_score`, `additional_info`) VALUES
(1, 11, 'Universiti Malaysia Sarawak', 8, 2017, 'Bachelor\'s Degree', '135', '11', 'Computational Science', 'CGPA/Percentage', '3', '4', 'Attended variety of activities'),
(7, 12, 'Universiti Malaysia Sarawak', 7, 2017, 'Bachelor\'s Degree', '135', '11', 'Computational Science', 'CGPA/Percentage', '3', '4', '');

-- --------------------------------------------------------

--
-- Table structure for table `employee`
--

DROP TABLE IF EXISTS `employee`;
CREATE TABLE IF NOT EXISTS `employee` (
  `id` int(11) NOT NULL AUTO_INCREMENT,
  `name` varchar(200) NOT NULL,
  `nric_fin_no` varchar(100) NOT NULL,
  `address` text NOT NULL,
  `phoneno` varchar(100) NOT NULL,
  `nationality_id` int(11) NOT NULL,
  `dob` date NOT NULL,
  `date_joined` date NOT NULL,
  `date_cessation` date DEFAULT NULL,
  `designation` varchar(300) NOT NULL,
  `salary` decimal(10,2) NOT NULL,
  `workpass` varchar(150) NOT NULL,
  `pass_expire` date DEFAULT NULL,
  `annual_leave_year` int(10) NOT NULL,
  `remaining_annual_leave` int(10) NOT NULL,
  `aws_given` tinyint(1) NOT NULL,
  `cpf_employee` decimal(10,2) NOT NULL,
  `cpf_employer` decimal(10,2) NOT NULL,
  `cdac` decimal(10,2) NOT NULL,
  `remark` text NOT NULL,
  `supervisor` varchar(100) NOT NULL,
  `department` varchar(100) NOT NULL,
  `firm_id` int(11) NOT NULL,
  PRIMARY KEY (`id`)
) ENGINE=MyISAM AUTO_INCREMENT=15 DEFAULT CHARSET=utf8;

--
-- Dumping data for table `employee`
--

INSERT INTO `employee` (`id`, `name`, `nric_fin_no`, `address`, `phoneno`, `nationality_id`, `dob`, `date_joined`, `date_cessation`, `designation`, `salary`, `workpass`, `pass_expire`, `annual_leave_year`, `remaining_annual_leave`, `aws_given`, `cpf_employee`, `cpf_employer`, `cdac`, `remark`, `supervisor`, `department`, `firm_id`) VALUES
(1, 'test', '12345', 'test', '123456', 1, '2018-11-22', '2018-11-13', '2018-11-16', 'test', '2400.00', 'SP', '2018-11-28', 14, 14, 0, '12.12', '12.13', '0.00', 'test', 'test', 'test', 1),
(2, 'Staff 123', '123456', 'staff 12345678', '123456', 165, '2018-01-01', '2018-01-01', NULL, 'Employee', '12345.00', 'EP', NULL, 14, 12, 0, '12.12', '13.13', '0.00', 'adasddf', 'Supervisor', 'SYA PAC', 2),
(3, 'Lily', '234567', 'SBF Center', '234567', 116, '1995-04-02', '2018-09-11', '2020-01-01', 'Lily', '123456.00', 'EP', '2018-02-02', 14, 14, 1, '12.12', '11.11', '1.00', 'Lily is a hardworking person.', 'Woelly', 'Lily Department', 1),
(13, 'Shane', '930428135354', '12-D,Lorong 8, Jalan Batu Lintang 93200 Kuching, Sarawak.', '81302793', 116, '2018-05-12', '1970-01-01', NULL, 'IT development officer', '2400.00', '', NULL, 0, 0, 0, '0.00', '0.00', '0.00', '', '', '', 2),
(14, 'TEST', '123456', 'SBF CENTER', '123124', 116, '1993-04-24', '2019-01-17', NULL, 'Auditor', '2300.00', 'WP', '2020-02-02', 12, 0, 0, '0.00', '0.00', '0.00', '', '', 'Audit', 1);

-- --------------------------------------------------------

--
-- Table structure for table `employee_annual_leave`
--

DROP TABLE IF EXISTS `employee_annual_leave`;
CREATE TABLE IF NOT EXISTS `employee_annual_leave` (
  `id` int(11) NOT NULL AUTO_INCREMENT,
  `employee_id` int(11) NOT NULL,
  `annual_leave_days` int(11) NOT NULL,
  `last_updated` timestamp NOT NULL DEFAULT CURRENT_TIMESTAMP,
  PRIMARY KEY (`id`)
) ENGINE=InnoDB AUTO_INCREMENT=16 DEFAULT CHARSET=utf8;

--
-- Dumping data for table `employee_annual_leave`
--

INSERT INTO `employee_annual_leave` (`id`, `employee_id`, `annual_leave_days`, `last_updated`) VALUES
(1, 1, 14, '2018-12-08 04:38:19'),
(2, 2, 14, '2018-12-01 04:38:19'),
(3, 3, 14, '2018-12-08 04:38:19'),
(4, 2, 12, '2018-12-09 05:22:41'),
(10, 2, 10, '2018-12-23 13:53:44'),
(11, 1, 14, '2019-01-02 04:16:47'),
(12, 2, 14, '2019-01-02 04:16:48'),
(13, 3, 14, '2019-01-02 04:16:48'),
(14, 13, 0, '2019-01-08 07:16:52'),
(15, 14, 12, '2019-02-19 09:43:27');

-- --------------------------------------------------------

--
-- Table structure for table `experience`
--

DROP TABLE IF EXISTS `experience`;
CREATE TABLE IF NOT EXISTS `experience` (
  `id` int(11) NOT NULL AUTO_INCREMENT,
  `applicant_id` int(100) NOT NULL,
  `position` varchar(200) NOT NULL,
  `company_name` varchar(200) NOT NULL,
  `join_month` varchar(100) NOT NULL,
  `join_year` varchar(100) NOT NULL,
  `specialization` varchar(300) NOT NULL,
  `role` varchar(300) NOT NULL,
  `country` varchar(100) NOT NULL,
  `industry` varchar(300) NOT NULL,
  `position_level` varchar(100) NOT NULL,
  `monthly_salary_currency` varchar(100) NOT NULL,
  `monthly_salary_amount` decimal(10,2) NOT NULL,
  `experience_description` text NOT NULL,
  PRIMARY KEY (`id`)
) ENGINE=MyISAM AUTO_INCREMENT=3 DEFAULT CHARSET=utf8;

--
-- Dumping data for table `experience`
--

INSERT INTO `experience` (`id`, `applicant_id`, `position`, `company_name`, `join_month`, `join_year`, `specialization`, `role`, `country`, `industry`, `position_level`, `monthly_salary_currency`, `monthly_salary_amount`, `experience_description`) VALUES
(1, 12, 'Junior Web Developer', 'SYA PAC', '5', '2017', 'Web Development', 'Software Engineer/Programmer', '135', 'Computer Science', '5', 'SGD', '2400.00', 'Design website and develop website.');

-- --------------------------------------------------------

--
-- Table structure for table `firm`
--

DROP TABLE IF EXISTS `firm`;
CREATE TABLE IF NOT EXISTS `firm` (
  `id` int(11) NOT NULL AUTO_INCREMENT,
  `registration_no` varchar(500) NOT NULL,
  `name` varchar(200) NOT NULL,
  `url` varchar(200) NOT NULL,
  `postal_code` varchar(15) NOT NULL,
  `street_name` varchar(255) NOT NULL,
  `building_name` varchar(255) NOT NULL,
  `unit_no1` varchar(20) NOT NULL,
  `unit_no2` varchar(20) NOT NULL,
  `gst_checkbox` int(10) NOT NULL,
  `no_gst_date` varchar(255) NOT NULL,
  `gst` varchar(20) NOT NULL,
  `gst_date` varchar(255) NOT NULL,
  `previous_gst` int(20) NOT NULL,
  `previous_gst_date` varchar(255) NOT NULL,
  `file_name` varchar(200) NOT NULL,
  PRIMARY KEY (`id`)
) ENGINE=MyISAM AUTO_INCREMENT=2 DEFAULT CHARSET=latin1;

--
-- Dumping data for table `firm`
--

INSERT INTO `firm` (`id`, `registration_no`, `name`, `url`, `postal_code`, `street_name`, `building_name`, `unit_no1`, `unit_no2`, `gst_checkbox`, `no_gst_date`, `gst`, `gst_date`, `previous_gst`, `previous_gst_date`, `file_name`) VALUES
(1, 'T14PF0010E', 'Acumen Bizcorp Pte. Ltd', 'www.acumenbizcorp.com.sg', '069542', '143 Cecil Street', 'GB Building', '16', '03', 0, '2018', '', '', 0, '', 'logoWhite.png');

-- --------------------------------------------------------

--
-- Table structure for table `firm_email`
--

DROP TABLE IF EXISTS `firm_email`;
CREATE TABLE IF NOT EXISTS `firm_email` (
  `id` int(11) NOT NULL AUTO_INCREMENT,
  `firm_id` int(200) NOT NULL,
  `email` text NOT NULL,
  `primary_email` int(11) NOT NULL,
  PRIMARY KEY (`id`)
) ENGINE=MyISAM AUTO_INCREMENT=26 DEFAULT CHARSET=latin1;

--
-- Dumping data for table `firm_email`
--

INSERT INTO `firm_email` (`id`, `firm_id`, `email`, `primary_email`) VALUES
(25, 1, 'enquiry@acumenbizcorp.com.sg', 1);

-- --------------------------------------------------------

--
-- Table structure for table `firm_fax`
--

DROP TABLE IF EXISTS `firm_fax`;
CREATE TABLE IF NOT EXISTS `firm_fax` (
  `id` int(11) NOT NULL AUTO_INCREMENT,
  `firm_id` int(200) NOT NULL,
  `fax` varchar(200) NOT NULL,
  `primary_fax` int(11) NOT NULL,
  PRIMARY KEY (`id`)
) ENGINE=MyISAM AUTO_INCREMENT=26 DEFAULT CHARSET=latin1;

--
-- Dumping data for table `firm_fax`
--

INSERT INTO `firm_fax` (`id`, `firm_id`, `fax`, `primary_fax`) VALUES
(25, 1, '+6512345678', 1);

-- --------------------------------------------------------

--
-- Table structure for table `firm_telephone`
--

DROP TABLE IF EXISTS `firm_telephone`;
CREATE TABLE IF NOT EXISTS `firm_telephone` (
  `id` int(11) NOT NULL AUTO_INCREMENT,
  `firm_id` int(200) NOT NULL,
  `telephone` varchar(200) NOT NULL,
  `primary_telephone` int(11) NOT NULL,
  PRIMARY KEY (`id`)
) ENGINE=MyISAM AUTO_INCREMENT=26 DEFAULT CHARSET=latin1;

--
-- Dumping data for table `firm_telephone`
--

INSERT INTO `firm_telephone` (`id`, `firm_id`, `telephone`, `primary_telephone`) VALUES
(25, 1, '+6512345678', 1);

-- --------------------------------------------------------

--
-- Table structure for table `groups`
--

DROP TABLE IF EXISTS `groups`;
CREATE TABLE IF NOT EXISTS `groups` (
  `id` mediumint(8) UNSIGNED NOT NULL AUTO_INCREMENT,
  `name` varchar(20) NOT NULL,
  `description` varchar(100) NOT NULL,
  PRIMARY KEY (`id`)
) ENGINE=InnoDB AUTO_INCREMENT=4 DEFAULT CHARSET=utf8;

--
-- Dumping data for table `groups`
--

INSERT INTO `groups` (`id`, `name`, `description`) VALUES
(1, 'admin', 'Administrator'),
(2, 'members', 'General User'),
(3, 'hr', 'Human Resource');

-- --------------------------------------------------------

--
-- Table structure for table `interview`
--

DROP TABLE IF EXISTS `interview`;
CREATE TABLE IF NOT EXISTS `interview` (
  `id` int(11) NOT NULL AUTO_INCREMENT,
  `interview_no` varchar(100) NOT NULL,
  `interview_time` datetime NOT NULL,
  `venue` text NOT NULL,
  `interview_num_valid_until` datetime DEFAULT NULL,
  `firm` varchar(200) NOT NULL,
  `status` varchar(100) NOT NULL,
  `result` varchar(100) NOT NULL,
  PRIMARY KEY (`id`)
) ENGINE=MyISAM AUTO_INCREMENT=51 DEFAULT CHARSET=utf8;

--
-- Dumping data for table `interview`
--

INSERT INTO `interview` (`id`, `interview_no`, `interview_time`, `venue`, `interview_num_valid_until`, `firm`, `status`, `result`) VALUES
(16, '5c3247d0e9a56', '2019-01-08 01:00:00', '', NULL, '1', '2', '2'),
(14, '5c2c65691c283', '2018-12-11 15:00:00', '', NULL, '2', '2', '3'),
(17, '5c32482ad38b6', '2019-01-02 02:05:00', '', NULL, '2', '2', '4'),
(18, '5c32488e3105b', '2019-01-03 03:10:00', '', NULL, '12', '1', '1'),
(19, '5c6a702373d40', '2019-01-08 01:00:00', '', NULL, '1', '2', '4'),
(20, '5c6a7081f2c71', '2019-01-08 01:00:00', '', NULL, '1', '1', '1'),
(21, '5c6a72de4b5c2', '2019-03-14 04:10:00', '', NULL, '1', '1', '1'),
(22, '5c6a72e34063f', '2019-03-14 04:00:00', '', NULL, '1', '1', '1'),
(23, '5c6a749466d3a', '2019-03-24 10:15:00', '', NULL, '1', '1', '1'),
(24, '5d37ffd57b94e', '1970-01-01 07:30:00', '', NULL, '1', '1', '1'),
(25, '5d37ffde48e14', '1970-01-01 07:00:00', '', NULL, '1', '1', '1'),
(26, '5d37ffdedf257', '1970-01-01 07:30:00', '', NULL, '1', '1', '1'),
(27, '5d37ffdf15ef4', '1970-01-01 07:30:00', '', NULL, '1', '1', '1'),
(28, '5d37ffdf4599a', '1970-01-01 07:30:00', '', NULL, '1', '1', '1'),
(29, '5d3800261cd45', '1970-01-01 07:30:00', '', NULL, '1', '1', '1'),
(30, '5d380026b1819', '1970-01-01 07:30:00', '', NULL, '1', '1', '1'),
(31, '5d380026e6195', '1970-01-01 07:30:00', '', NULL, '1', '1', '1'),
(32, '5d3800271df70', '1970-01-01 07:30:00', '', NULL, '1', '1', '1'),
(33, '5d38002747805', '1970-01-01 07:30:00', '', NULL, '1', '1', '1'),
(34, '5d38002f3c24a', '1970-01-01 07:30:00', '', NULL, '1', '1', '1'),
(35, '5d38002f8d776', '1970-01-01 07:30:00', '', NULL, '1', '1', '1'),
(36, '5d38002fb3a9d', '1970-01-01 07:30:00', '', NULL, '1', '1', '1'),
(37, '5d38002fda6ef', '1970-01-01 07:30:00', '', NULL, '1', '1', '1'),
(38, '5d3800300f354', '1970-01-01 07:30:00', '', NULL, '1', '1', '1'),
(39, '5d38003038b63', '1970-01-01 07:30:00', '', NULL, '1', '1', '1'),
(40, '5d380030aef2e', '1970-01-01 07:30:00', '', NULL, '1', '1', '1'),
(41, '5d380030f3513', '1970-01-01 07:30:00', '', NULL, '1', '1', '1'),
(42, '5d38004937594', '1970-01-01 07:30:00', '', NULL, '1', '1', '1'),
(43, '5d38004a51fa5', '1970-01-01 07:30:00', '', NULL, '1', '1', '1'),
(44, '5d38004a8c212', '1970-01-01 07:30:00', '', NULL, '1', '1', '1'),
(45, '5d380054bcec2', '1970-01-01 07:30:00', '', NULL, '1', '1', '1'),
(46, '5d38005528808', '1970-01-01 07:30:00', '', NULL, '1', '1', '1'),
(47, '5d38005562e9a', '1970-01-01 07:30:00', '', NULL, '1', '1', '1'),
(48, '5d3800559096e', '1970-01-01 07:30:00', '', NULL, '1', '1', '1'),
(49, '5d380e3cc35e3', '2019-07-25 10:00:00', '', NULL, '1', '1', '1'),
(50, '5d3819e61ca23', '2019-07-08 02:30:00', '160 Robinson Rd, #2603 SBF Center, Singapore 068914', '2019-07-25 16:50:00', '1', '1', '1');

-- --------------------------------------------------------

--
-- Table structure for table `language`
--

DROP TABLE IF EXISTS `language`;
CREATE TABLE IF NOT EXISTS `language` (
  `id` int(11) NOT NULL AUTO_INCREMENT,
  `applicant_id` int(11) NOT NULL,
  `name` varchar(100) NOT NULL,
  `spoken` int(11) NOT NULL,
  `written` int(11) NOT NULL,
  PRIMARY KEY (`id`)
) ENGINE=MyISAM AUTO_INCREMENT=9 DEFAULT CHARSET=utf8;

--
-- Dumping data for table `language`
--

INSERT INTO `language` (`id`, `applicant_id`, `name`, `spoken`, `written`) VALUES
(3, 11, 'Chinese', 10, 9),
(7, 12, 'Chinese', 10, 9);

-- --------------------------------------------------------

--
-- Table structure for table `leave`
--

DROP TABLE IF EXISTS `leave`;
CREATE TABLE IF NOT EXISTS `leave` (
  `id` int(11) NOT NULL AUTO_INCREMENT,
  `leave_no` varchar(30) NOT NULL,
  `employee_id` int(11) NOT NULL,
  `start_date` datetime NOT NULL,
  `start_time` varchar(20) NOT NULL,
  `end_date` datetime NOT NULL,
  `end_time` varchar(20) NOT NULL,
  `total_days` varchar(30) NOT NULL,
  `date_applied` datetime NOT NULL DEFAULT CURRENT_TIMESTAMP,
  `status` varchar(30) NOT NULL,
  `status_updated_by` timestamp NOT NULL,
  `al_left_before` varchar(30) NOT NULL,
  `al_left_after` varchar(30) NOT NULL,
  PRIMARY KEY (`id`)
) ENGINE=MyISAM AUTO_INCREMENT=28 DEFAULT CHARSET=utf8;

--
-- Dumping data for table `leave`
--

INSERT INTO `leave` (`id`, `leave_no`, `employee_id`, `start_date`, `start_time`, `end_date`, `end_time`, `total_days`, `date_applied`, `status`, `status_updated_by`, `al_left_before`, `al_left_after`) VALUES
(1, 'leave_test', 2, '2018-05-12 00:00:00', '9.00 AM', '2018-06-12 00:00:00', '6.00 PM', '2', '2018-11-21 00:00:00', '3', '2018-12-23 14:11:20', '10', '10'),
(22, '7n0ltskr', 2, '2018-12-05 00:00:00', '9.00 AM', '2018-12-07 00:00:00', '6.00 PM', '1', '2018-12-07 21:38:31', '1', '2018-12-23 14:05:52', '10', '10'),
(25, 'tcp653r8', 2, '2018-12-24 00:00:00', '9.00 AM', '2018-12-26 00:00:00', '6.00 PM', '2', '2018-12-23 02:29:28', '2', '2018-12-23 13:53:44', '12', '10'),
(26, 'pcd0n18k', 2, '2019-01-02 00:00:00', '9.00 AM', '2019-01-10 00:00:00', '6.00 PM', '7', '2019-01-10 20:05:12', '1', '0000-00-00 00:00:00', '', ''),
(27, '9m7or44i', 2, '2019-01-03 00:00:00', '9.00 AM', '2019-01-04 00:00:00', '6.00 PM', '2', '2019-01-10 20:11:02', '1', '0000-00-00 00:00:00', '', '');

-- --------------------------------------------------------

--
-- Table structure for table `login_attempts`
--

DROP TABLE IF EXISTS `login_attempts`;
CREATE TABLE IF NOT EXISTS `login_attempts` (
  `id` int(11) UNSIGNED NOT NULL AUTO_INCREMENT,
  `ip_address` varchar(45) NOT NULL,
  `login` varchar(100) NOT NULL,
  `time` int(11) UNSIGNED DEFAULT NULL,
  PRIMARY KEY (`id`)
) ENGINE=InnoDB AUTO_INCREMENT=5 DEFAULT CHARSET=utf8;

--
-- Dumping data for table `login_attempts`
--

INSERT INTO `login_attempts` (`id`, `ip_address`, `login`, `time`) VALUES
(1, '::1', 'looi@acumenbizcorp.com.sg', 1563861045),
(2, '::1', 'sasasssasa@dsdsad', 1563863213),
(3, '::1', 'piken@aaa-global.com', 1563866676),
(4, '::1', 'piken@aaa-global.com', 1563866680);

-- --------------------------------------------------------

--
-- Table structure for table `mc_apply`
--

DROP TABLE IF EXISTS `mc_apply`;
CREATE TABLE IF NOT EXISTS `mc_apply` (
  `id` int(11) NOT NULL AUTO_INCREMENT,
  `mc_no` varchar(30) NOT NULL,
  `employee_id` int(11) NOT NULL,
  `start_date` datetime NOT NULL,
  `end_date` datetime NOT NULL,
  `reason` varchar(500) NOT NULL,
  `date_applied` timestamp NOT NULL DEFAULT CURRENT_TIMESTAMP,
  `mc_status` varchar(30) NOT NULL,
  `status_updated_by` timestamp NOT NULL,
  PRIMARY KEY (`id`)
) ENGINE=MyISAM AUTO_INCREMENT=65 DEFAULT CHARSET=utf8;

--
-- Dumping data for table `mc_apply`
--

INSERT INTO `mc_apply` (`id`, `mc_no`, `employee_id`, `start_date`, `end_date`, `reason`, `date_applied`, `mc_status`, `status_updated_by`) VALUES
(57, '9240o392', 2, '2018-11-07 09:10:00', '2018-11-07 15:05:00', 'Sick flu and fever.', '2018-12-23 20:28:10', '2', '2018-12-23 20:38:15'),
(58, 'tfrrj07w', 2, '2018-11-23 11:10:00', '2018-10-31 19:30:00', 'Testing 1', '2018-12-23 20:28:10', '3', '2018-12-23 20:38:17'),
(61, '9i7dvbvl', 2, '2018-12-19 15:55:00', '2018-12-19 17:55:00', 'Sick', '2018-12-23 20:28:10', '2', '2018-12-23 21:30:39'),
(63, 'g03azn8h', 2, '2018-11-23 11:10:00', '2018-10-31 19:30:00', 'Stomachache.', '2018-12-26 15:57:56', '2', '2018-12-26 15:59:11'),
(64, '62rtb4xi', 2, '2019-02-19 16:43:00', '2019-02-19 16:44:00', 'Flu', '2019-02-19 08:36:34', '3', '2019-02-19 09:43:15');

-- --------------------------------------------------------

--
-- Table structure for table `mc_apply_claim`
--

DROP TABLE IF EXISTS `mc_apply_claim`;
CREATE TABLE IF NOT EXISTS `mc_apply_claim` (
  `id` int(11) NOT NULL AUTO_INCREMENT,
  `mc_apply_id` int(11) NOT NULL,
  `claim_id` int(11) NOT NULL,
  PRIMARY KEY (`id`)
) ENGINE=MyISAM AUTO_INCREMENT=10 DEFAULT CHARSET=utf8;

--
-- Dumping data for table `mc_apply_claim`
--

INSERT INTO `mc_apply_claim` (`id`, `mc_apply_id`, `claim_id`) VALUES
(2, 57, 6),
(9, 63, 13),
(8, 61, 12);

-- --------------------------------------------------------

--
-- Table structure for table `mc_claim`
--

DROP TABLE IF EXISTS `mc_claim`;
CREATE TABLE IF NOT EXISTS `mc_claim` (
  `id` int(11) NOT NULL AUTO_INCREMENT,
  `claim_no` varchar(30) NOT NULL,
  `invoice_no` varchar(50) NOT NULL,
  `receipt_img` longtext NOT NULL,
  `amount` decimal(10,2) NOT NULL,
  `date_applied` timestamp NOT NULL DEFAULT CURRENT_TIMESTAMP,
  `status` int(11) NOT NULL,
  `status_updated_by` timestamp NOT NULL,
  PRIMARY KEY (`id`)
) ENGINE=MyISAM AUTO_INCREMENT=14 DEFAULT CHARSET=utf8;

--
-- Dumping data for table `mc_claim`
--

INSERT INTO `mc_claim` (`id`, `claim_no`, `invoice_no`, `receipt_img`, `amount`, `date_applied`, `status`, `status_updated_by`) VALUES
(6, '5hxqm1a6', 'excas', 'Most-Beautiful-People-Emma-Watson.jpg', '1231.23', '2018-12-23 20:28:37', 1, '2018-12-23 21:59:39'),
(13, 'iam24pen', 'NLS457CKS', '', '123123.00', '2019-02-19 08:52:46', 2, '2019-02-19 09:42:53'),
(12, '43lv96r3', 'NLS457CKS', 'index_php2.PNG', '56.00', '2018-12-23 21:59:22', 2, '2019-02-19 09:42:44');

-- --------------------------------------------------------

--
-- Table structure for table `migrations`
--

DROP TABLE IF EXISTS `migrations`;
CREATE TABLE IF NOT EXISTS `migrations` (
  `version` bigint(20) NOT NULL
) ENGINE=MyISAM DEFAULT CHARSET=utf8;

--
-- Dumping data for table `migrations`
--

INSERT INTO `migrations` (`version`) VALUES
(20181224045046);

-- --------------------------------------------------------

--
-- Table structure for table `nationality`
--

DROP TABLE IF EXISTS `nationality`;
CREATE TABLE IF NOT EXISTS `nationality` (
  `id` int(11) NOT NULL AUTO_INCREMENT,
  `nationality` varchar(50) NOT NULL,
  PRIMARY KEY (`id`)
) ENGINE=MyISAM AUTO_INCREMENT=205 DEFAULT CHARSET=latin1;

--
-- Dumping data for table `nationality`
--

INSERT INTO `nationality` (`id`, `nationality`) VALUES
(1, 'AFGHAN'),
(2, 'ALBANIAN'),
(3, 'ALGERIAN'),
(4, 'AMERICAN'),
(5, 'ANDORRAN'),
(6, 'ANGOLAN'),
(7, 'ANTIGUAN'),
(8, 'ARGENTINIAN'),
(9, 'ARMENIAN'),
(10, 'AUSTRALIAN'),
(11, 'AUSTRIAN'),
(12, 'AZERBAIJANI'),
(13, 'BAHAMIAN'),
(14, 'BAHRAINI'),
(15, 'BANGLADESHI'),
(16, 'BARBADOS'),
(17, 'BELARUSIAN'),
(18, 'BELGIAN'),
(19, 'BELIZEAN'),
(20, 'BENINESE'),
(21, 'BHUTANESE'),
(22, 'BOLIVIAN'),
(23, 'BOSNIAN'),
(24, 'BOTSWANA'),
(25, 'BR DEP TER CITIZEN'),
(26, 'BR NAT. OVERSEAS'),
(27, 'BR OVERSEAS CIT.'),
(28, 'BR PROTECTED PERS.'),
(29, 'BRAZILIAN'),
(30, 'BRITISH'),
(31, 'BRITISH SUBJECT'),
(32, 'BRUNEIAN'),
(33, 'BULGARIAN'),
(34, 'BURKINABE'),
(35, 'BURUNDIAN'),
(36, 'C\'TRAL AFRICAN REP'),
(37, 'CAMBODIAN'),
(38, 'CAMEROONIAN'),
(39, 'CANADIAN'),
(40, 'CAPE VERDEAN'),
(41, 'CHADIAN'),
(42, 'CHILEAN'),
(43, 'CHINESE'),
(44, 'COLOMBIAN'),
(45, 'COMORAN'),
(46, 'CONGOLESE'),
(47, 'COSTA RICAN'),
(48, 'CROATIAN'),
(49, 'CUBAN'),
(50, 'CYPRIOT'),
(51, 'CZECH'),
(52, 'DANISH'),
(53, 'DEMOCRATIC REPUBLIC OF THE CONGO'),
(54, 'DJIBOUTIAN'),
(55, 'DOMINICAN'),
(56, 'DOMINICAN (REPUBLIC)'),
(57, 'EAST TIMORESE'),
(58, 'ECUADORIAN'),
(59, 'EGYPTIAN'),
(60, 'EQUATORIAL GUINEA'),
(61, 'ERITREAN'),
(62, 'ESTONIAN'),
(63, 'ETHIOPIAN'),
(64, 'FIJIAN'),
(65, 'FILIPINO'),
(66, 'FINNISH'),
(67, 'FRENCH'),
(68, 'GABON'),
(69, 'GAMBIAN'),
(70, 'GEORGIAN'),
(71, 'GERMAN'),
(72, 'GHANAIAN'),
(73, 'GREEK'),
(74, 'GRENADIAN'),
(75, 'GUATEMALAN'),
(76, 'GUINEAN'),
(77, 'GUINEAN (BISSAU)'),
(78, 'GUYANESE'),
(79, 'HAITIAN'),
(80, 'HONDURAN'),
(81, 'HONG KONG'),
(82, 'HUNGARIAN'),
(83, 'ICELANDER'),
(84, 'INDIAN'),
(85, 'INDONESIAN'),
(86, 'IRANIAN'),
(87, 'IRAQI'),
(88, 'IRISH'),
(89, 'ISRAELI'),
(90, 'ITALIAN'),
(91, 'IVORY COAST'),
(92, 'JAMAICAN'),
(93, 'JAPANESE'),
(94, 'JORDANIAN'),
(95, 'KAZAKHSTANI'),
(96, 'KENYAN'),
(97, 'KIRIBATI'),
(98, 'KITTIAN & NEVISIAN'),
(99, 'KOREAN, NORTH'),
(100, 'KOREAN, SOUTH'),
(101, 'KUWAITI'),
(102, 'KYRGYZSTAN'),
(103, 'LAOTIAN'),
(104, 'LATVIAN'),
(105, 'LEBANESE'),
(106, 'LESOTHO'),
(107, 'LIBERIAN'),
(108, 'LIBYAN'),
(109, 'LIECHTENSTEINER'),
(110, 'LITHUANIAN'),
(111, 'LUXEMBOURGER'),
(112, 'MACAO'),
(113, 'MACEDONIAN'),
(114, 'MADAGASY'),
(115, 'MALAWIAN'),
(116, 'MALAYSIAN'),
(117, 'MALDIVIAN'),
(118, 'MALIAN'),
(119, 'MALTESE'),
(120, 'MARSHALLESE'),
(121, 'MAURITANEAN'),
(122, 'MAURITIAN'),
(123, 'MEXICAN'),
(124, 'MICRONESIAN'),
(125, 'MOLDAVIAN'),
(126, 'MONACAN'),
(127, 'MONGOLIAN'),
(128, 'MONTENEGRIN'),
(129, 'MOROCCAN'),
(130, 'MOZAMBICAN'),
(131, 'MYANMAR'),
(132, 'NAMIBIAN'),
(133, 'NAURUAN'),
(134, 'NEPALESE'),
(135, 'NETHERLANDS'),
(136, 'NEW ZEALANDER'),
(137, 'NI-VANUATU'),
(138, 'NICARAGUAN'),
(139, 'NIGER'),
(140, 'NIGERIAN'),
(141, 'NORWEGIAN'),
(142, 'OMANI'),
(143, 'PAKISTANI'),
(144, 'PALAUAN'),
(145, 'PALESTINIAN'),
(146, 'PANAMANIAN'),
(147, 'PAPUA NEW GUINEAN'),
(148, 'PARAGUAYAN'),
(149, 'PERUVIAN'),
(150, 'POLISH'),
(151, 'PORTUGUESE'),
(152, 'QATARI'),
(153, 'ROMANIAN'),
(154, 'RUSSIAN'),
(155, 'RWANDAN'),
(156, 'SALVADORAN'),
(157, 'SAMMARINESE'),
(158, 'SAMOAN'),
(159, 'SAO TOMEAN'),
(160, 'SAUDI ARABIAN'),
(161, 'SENEGALESE'),
(162, 'SERBIAN'),
(163, 'SEYCHELLOIS'),
(164, 'SIERRA LEONE'),
(165, 'SINGAPORE CITIZEN'),
(166, 'SLOVAK'),
(167, 'SLOVENIAN'),
(168, 'SOLOMON ISLANDER'),
(169, 'SOMALI'),
(170, 'SOUTH AFRICAN'),
(171, 'SPANISH'),
(172, 'SRI LANKAN'),
(173, 'ST LUCIAN'),
(174, 'ST VINCENTIAN'),
(175, 'STATELESS'),
(176, 'SUDANESE'),
(177, 'SURINAMER'),
(178, 'SWAZI'),
(179, 'SWEDISH'),
(180, 'SWISS'),
(181, 'SYRIAN'),
(182, 'TAIWANESE'),
(183, 'TAJIKISTANI'),
(184, 'TANZANIAN'),
(185, 'THAI'),
(186, 'TOGOLESE'),
(187, 'TONGAN'),
(188, 'TRINIDAD & TOBAGO'),
(189, 'TUNISIAN'),
(190, 'TURK'),
(191, 'TURKMEN'),
(192, 'TUVALU'),
(193, 'UGANDAN'),
(194, 'UKRAINIAN'),
(195, 'UNITED ARAB EM.'),
(196, 'UNKNOWN'),
(197, 'URUGUAYAN'),
(198, 'UZBEKISTAN'),
(199, 'VATICAN CITY STATE (HOLY SEE)'),
(200, 'VENEZUELAN'),
(201, 'VIETNAMESE'),
(202, 'YEMENI'),
(203, 'ZAMBIAN'),
(204, 'ZIMBABWEAN');

-- --------------------------------------------------------

--
-- Table structure for table `offer_letter`
--

DROP TABLE IF EXISTS `offer_letter`;
CREATE TABLE IF NOT EXISTS `offer_letter` (
  `id` int(11) NOT NULL AUTO_INCREMENT,
  `effective_from` date NOT NULL,
  `probationary_period` int(11) NOT NULL,
  `working_hour_time_start` varchar(20) NOT NULL,
  `working_hour_time_end` varchar(20) NOT NULL,
  `working_hour_day_start` varchar(20) NOT NULL,
  `working_hour_day_end` varchar(20) NOT NULL,
  `termination_notice` int(11) NOT NULL,
  `employer` varchar(50) NOT NULL,
  `given_salary` decimal(10,2) NOT NULL,
  PRIMARY KEY (`id`)
) ENGINE=MyISAM AUTO_INCREMENT=41 DEFAULT CHARSET=utf8;

--
-- Dumping data for table `offer_letter`
--

INSERT INTO `offer_letter` (`id`, `effective_from`, `probationary_period`, `working_hour_time_start`, `working_hour_time_end`, `working_hour_day_start`, `working_hour_day_end`, `termination_notice`, `employer`, `given_salary`) VALUES
(33, '2018-11-01', 0, '9.00 AM', '6.00 PM', 'Monday', 'Friday', 1, 'Woelly William', '12345.00'),
(32, '2018-01-01', 0, '9.00 AM', '6.00 PM', 'Monday', 'Friday', 3, 'Woelly William', '12345.00'),
(31, '2018-11-22', 3, '9.00 AM', '6.00 PM', 'Monday', 'Friday', 1, 'Woelly', '2500.00'),
(35, '2018-11-01', 0, '9.00 AM', '6.00 PM', 'Monday', 'Friday', 1, 'Woelly William', '123456.00'),
(39, '2019-02-01', 3, '9.00 AM', '6.00 PM', 'Monday', 'Friday', 1, 'Woelly William', '2400.00'),
(38, '2019-01-01', 0, '9.00 AM', '6.00 PM', 'Monday', 'Friday', 1, 'Woelly William', '123456.00'),
(40, '2018-11-01', 90, '9.00 AM', '6.00 AM', 'Monday', 'Friday', 30, 'Woelly', '3000.00');

-- --------------------------------------------------------

--
-- Table structure for table `offer_letter_applicant`
--

DROP TABLE IF EXISTS `offer_letter_applicant`;
CREATE TABLE IF NOT EXISTS `offer_letter_applicant` (
  `id` int(11) NOT NULL AUTO_INCREMENT,
  `offer_letter_id` int(11) NOT NULL,
  `applicant_id` int(11) NOT NULL,
  PRIMARY KEY (`id`)
) ENGINE=MyISAM AUTO_INCREMENT=24 DEFAULT CHARSET=utf8;

--
-- Dumping data for table `offer_letter_applicant`
--

INSERT INTO `offer_letter_applicant` (`id`, `offer_letter_id`, `applicant_id`) VALUES
(19, 31, 3),
(22, 39, 11),
(23, 40, 12);

-- --------------------------------------------------------

--
-- Table structure for table `offer_letter_employee`
--

DROP TABLE IF EXISTS `offer_letter_employee`;
CREATE TABLE IF NOT EXISTS `offer_letter_employee` (
  `id` int(11) NOT NULL AUTO_INCREMENT,
  `offer_letter_id` int(11) NOT NULL,
  `employee_id` int(11) NOT NULL,
  PRIMARY KEY (`id`)
) ENGINE=MyISAM AUTO_INCREMENT=12 DEFAULT CHARSET=utf8;

--
-- Dumping data for table `offer_letter_employee`
--

INSERT INTO `offer_letter_employee` (`id`, `offer_letter_id`, `employee_id`) VALUES
(1, 32, 2),
(2, 33, 1),
(4, 35, 3),
(11, 39, 13),
(7, 38, 3);

-- --------------------------------------------------------

--
-- Table structure for table `payslip`
--

DROP TABLE IF EXISTS `payslip`;
CREATE TABLE IF NOT EXISTS `payslip` (
  `id` int(11) NOT NULL AUTO_INCREMENT,
  `employee_id` int(11) NOT NULL,
  `payslip_for` date DEFAULT NULL,
  `date` date DEFAULT NULL,
  `department` varchar(100) NOT NULL,
  `pv_no` varchar(50) NOT NULL,
  `basic_salary` decimal(10,2) NOT NULL,
  `aws` decimal(10,2) NOT NULL,
  `bonus` decimal(10,2) NOT NULL,
  `commission` decimal(10,2) NOT NULL,
  `cdac` decimal(10,2) NOT NULL,
  `salary_advancement` decimal(10,2) NOT NULL,
  `unpaid_leave` decimal(10,2) NOT NULL,
  `health_incentive` decimal(10,2) NOT NULL,
  `other_incentive` decimal(10,2) NOT NULL,
  `cpf_employer` decimal(10,2) NOT NULL,
  `cpf_employee` decimal(10,2) NOT NULL,
  `sd_levy` decimal(10,2) NOT NULL,
  `generate_by` date NOT NULL,
  `remaining_al` int(10) NOT NULL,
  `payment_mode` varchar(100) NOT NULL,
  `shown` tinyint(1) NOT NULL DEFAULT '0',
  PRIMARY KEY (`id`)
) ENGINE=MyISAM AUTO_INCREMENT=26 DEFAULT CHARSET=utf8;

--
-- Dumping data for table `payslip`
--

INSERT INTO `payslip` (`id`, `employee_id`, `payslip_for`, `date`, `department`, `pv_no`, `basic_salary`, `aws`, `bonus`, `commission`, `cdac`, `salary_advancement`, `unpaid_leave`, `health_incentive`, `other_incentive`, `cpf_employer`, `cpf_employee`, `sd_levy`, `generate_by`, `remaining_al`, `payment_mode`, `shown`) VALUES
(18, 3, '2018-10-01', '2018-12-28', 'Lily Department', '', '123456.00', '0.00', '0.00', '0.00', '1.10', '0.00', '0.00', '0.00', '0.00', '13715.96', '14962.87', '15.00', '2018-12-28', 14, '', 0),
(17, 2, '2018-10-01', '2018-12-28', 'SYA PAC', '', '12345.00', '0.00', '0.00', '0.00', '1.10', '0.00', '0.00', '0.00', '0.00', '1620.90', '1496.21', '15.00', '2018-12-28', 12, '', 0),
(16, 1, '2018-10-01', '2018-12-28', 'test', '', '2400.00', '0.00', '0.00', '0.00', '1.10', '0.00', '0.00', '0.00', '0.00', '291.12', '290.88', '15.00', '2018-12-28', 14, '', 0),
(15, 3, '2018-09-01', '2018-12-05', 'Lily Department', '', '123456.00', '0.00', '0.00', '0.00', '1.10', '0.00', '0.00', '0.00', '0.00', '13715.96', '14962.87', '15.00', '2018-12-05', 14, '', 1),
(14, 2, '2018-09-01', '2018-12-05', 'SYA PAC', '', '12345.00', '0.00', '0.00', '0.00', '1.10', '0.00', '0.00', '0.00', '0.00', '1620.90', '1496.21', '15.00', '2018-12-05', 14, '', 0),
(13, 1, '2018-09-01', '2018-12-05', 'test', '', '2400.00', '0.00', '0.00', '0.00', '1.10', '0.00', '0.00', '0.00', '0.00', '291.12', '290.88', '15.00', '2018-12-05', 14, '', 0),
(19, 1, '2018-11-01', '2018-12-28', 'test', '', '2400.00', '0.00', '0.00', '0.00', '1.10', '0.00', '0.00', '0.00', '0.00', '291.12', '290.88', '15.00', '2018-12-28', 14, '', 0),
(20, 2, '2018-11-01', '2018-12-28', 'SYA PAC', '', '12345.00', '0.00', '0.00', '0.00', '1.10', '0.00', '0.00', '0.00', '0.00', '1620.90', '1496.21', '15.00', '2018-12-28', 12, '', 0),
(21, 3, '2018-11-01', '2018-12-28', 'Lily Department', '', '123456.00', '0.00', '0.00', '0.00', '1.10', '0.00', '0.00', '0.00', '0.00', '13715.96', '14962.87', '15.00', '2018-12-28', 14, '', 0),
(22, 1, '2018-12-01', '2019-01-08', 'test', '', '2400.00', '0.00', '0.00', '0.00', '1.10', '0.00', '0.00', '0.00', '0.00', '291.12', '290.88', '15.00', '2019-01-08', 14, '', 0),
(23, 2, '2018-12-01', '2019-01-08', 'SYA PAC', '', '12345.00', '0.00', '0.00', '0.00', '1.10', '0.00', '0.00', '0.00', '0.00', '1620.90', '1496.21', '15.00', '2019-01-08', 12, '', 0),
(24, 3, '2018-12-01', '2019-01-08', 'Lily Department', '', '123456.00', '0.00', '0.00', '0.00', '1.10', '0.00', '0.00', '0.00', '0.00', '13715.96', '14962.87', '15.00', '2019-01-08', 14, '', 0),
(25, 13, '2018-12-01', '2019-01-08', '', '', '2400.00', '2400.00', '123.00', '0.00', '1.10', '0.00', '0.00', '500.00', '0.00', '0.00', '0.00', '15.00', '2019-01-08', 0, '', 0);

-- --------------------------------------------------------

--
-- Table structure for table `payslip_setting`
--

DROP TABLE IF EXISTS `payslip_setting`;
CREATE TABLE IF NOT EXISTS `payslip_setting` (
  `id` int(11) NOT NULL AUTO_INCREMENT,
  `cdac` decimal(20,2) NOT NULL,
  `sdl` decimal(20,2) NOT NULL,
  `health_incentive` decimal(20,2) NOT NULL,
  `last_updated` timestamp NULL DEFAULT CURRENT_TIMESTAMP,
  PRIMARY KEY (`id`)
) ENGINE=MyISAM AUTO_INCREMENT=2 DEFAULT CHARSET=utf8;

--
-- Dumping data for table `payslip_setting`
--

INSERT INTO `payslip_setting` (`id`, `cdac`, `sdl`, `health_incentive`, `last_updated`) VALUES
(1, '1.10', '15.00', '500.00', '2018-12-04 08:22:53');

-- --------------------------------------------------------

--
-- Table structure for table `pending_documents`
--

DROP TABLE IF EXISTS `pending_documents`;
CREATE TABLE IF NOT EXISTS `pending_documents` (
  `id` int(11) NOT NULL AUTO_INCREMENT,
  `template` longtext NOT NULL,
  `document_name` varchar(200) NOT NULL,
  PRIMARY KEY (`id`)
) ENGINE=MyISAM AUTO_INCREMENT=3 DEFAULT CHARSET=latin1;

--
-- Dumping data for table `pending_documents`
--

INSERT INTO `pending_documents` (`id`, `template`, `document_name`) VALUES
(1, '<p style=\"text-align: center;\"><span style=\"font-size: 18pt;\"><strong>EMPLOYMENT CONTRACT</strong></span></p>\r\n\r\n<p style=\"text-align: justify;\">This contract of employment is entered into between <strong>{{company_name}}&nbsp;</strong>(hereinafter referred to as &lsquo;Employer&rsquo;) and <strong>{{employee_name}}&nbsp;</strong>with Identification Number: <strong>{{identification_no}}&nbsp;</strong>(hereinafter referred to as &lsquo;Employee&rsquo;) on <strong>{{effective_date}}</strong> under the terms and conditions of employment below:</p>\r\n\r\n<p style=\"text-align: justify;\"><strong>GENERAL</strong></p>\r\n\r\n<ol style=\"text-align: justify;\">\r\n\r\n<li>Commencement of this employment contract is effective from <strong>{{effective_date}}</strong> (the &lsquo;effective date&rsquo;)<span class=\"is_singaporean\">subject to approval of relevant work pass by Ministry of Manpower, if required.</span><br /><br /></li>\r\n\r\n<li class=\"new_employee\">Probationary period will be <strong>{{probation_period}} days</strong>. Employer may extend or shorten the period of probation depending on the performance of the candidate.<br /><br /></li>\r\n\r\n<li class=\"old_employee\">This contract will supersede all previous contract.<br /><br /></li>\r\n\r\n<li>You are required to perform the duties and undertake the responsibilities in a professional manner as prescribed in the firm&rsquo;s handbook.<br /><br /></li>\r\n\r\n<li>Matters not explained in this contract will be explained in the firm&rsquo;s handbook. Where there is discrepancy among this contract and handbook, this contract shall prevail.</li>\r\n\r\n</ol>\r\n\r\n<p style=\"text-align: justify;\"><strong>WORKING HOURS</strong></p>\r\n\r\n<ol style=\"text-align: justify;\" start=\"5\">\r\n\r\n<li style=\"text-align: justify;\">The working hours are from <strong>{{working_start_time}} to {{working_end_time}}</strong>&nbsp;from <strong>{{working_start_day}} to {{working_end_day}}</strong>.<br /><br /></li>\r\n\r\n<li style=\"text-align: justify;\">Employee may be required to work beyond the normal working hours to discharge duties of the employee at the sole discretion of the employer.<br /><br /></li>\r\n\r\n<li style=\"text-align: justify;\">The employer reserves the right, at its sole discretion, to revise, amend or extend the working hours should the need arise.</li>\r\n\r\n</ol>\r\n\r\n<p style=\"text-align: justify;\"><strong>LEAVE<br /></strong></p>\r\n\r\n<ol style=\"text-align: justify;\" start=\"8\">\r\n\r\n<li style=\"text-align: justify;\">Employer must be notified as soon as practicable if employee is unable to work for medical reasons. Such notice shall be given within the <strong>first four (4) hours</strong> of the working day.<br /><br /></li>\r\n\r\n<li style=\"text-align: justify;\">A <strong>medical certificate</strong> shall be produced without demand in all cases where employee is absent from work for medical reasons.<br /><br /></li>\r\n\r\n<li style=\"text-align: justify;\">You are entitled to <strong>fourteen (14) days</strong> of paid sick leave per calendar year, which cannot be carried forward.<br /><br /></li>\r\n\r\n<li style=\"text-align: justify;\">For <strong>hospitalized on a doctor\'s written order</strong>, you may get <strong>up to a total of sixty days (60) </strong>of paid sick leave per calendar year inclusive of 14 days of sick leave mentioned in the preceding paragraph.<br /><br /></li>\r\n\r\n<li style=\"text-align: justify;\">Besides the gazetted public holidays, employee is entitled to fourteen (14) days paid annual vacation leave.<br /><br /></li>\r\n\r\n<li style=\"text-align: justify;\">Any unutilized annual vacation leave at the end of the calendar year shall be <strong>forfeited on 30 June of the following years</strong>.<br /><br /></li>\r\n\r\n<li style=\"text-align: justify;\">Unpaid leave shall be granted at the sole discretion of the employer. The employer reserves the right to terminate the employment without notice if employee is absent from work on unpaid leave without prior approval from the employer.<br /><br /></li>\r\n\r\n<li style=\"text-align: justify;\">All leave applications must be made in writing and at least <strong>seven (7) days</strong> in advance and shall be approved at the absolute discretion of the employer.</li>\r\n\r\n</ol>\r\n\r\n<p style=\"text-align: justify;\"><strong>COMPENSATION</strong></p>\r\n\r\n<ol style=\"text-align: justify;\" start=\"16\">\r\n\r\n<li style=\"text-align: justify;\">Your basic monthly salary will be <strong>S$ {{salary}} /- per month</strong>.<br /><br /></li>\r\n\r\n<li style=\"text-align: justify;\">You will <strong>not be entitled</strong> with Annual Wage Supplementary (AWS).<br /><br /></li>\r\n\r\n<li style=\"text-align: justify;\">Any bonus or declarations of bonus shall be made at the sole and absolute discretion of the employer. In determining the amount of bonus, the employer shall consider work performance, amongst other factors.<br /><br /></li>\r\n\r\n<li style=\"text-align: justify;\">The performance of employee will be reviewed periodically, and the employer shall make adjustments to current salary of employee as it sees fit.<br /><br /></li>\r\n\r\n<li style=\"text-align: justify;\">The employer shall deduct from employee&rsquo;s salary and bonus all such sums it is authorized to deduct under the laws of Singapore, whether for employee&rsquo;s share of Central Provident Fund Contributions, withholding tax or otherwise.<br /><br /></li>\r\n\r\n<li style=\"text-align: justify;\">Employee is <em>not</em> entitled to any transport allowance unless it is for visit to clients&rsquo; premise, which is claimable on reimbursement basis.<br /><br /></li>\r\n\r\n<li style=\"text-align: justify;\">The Employee will be provided with a performance appraisal at least once per year and said appraisal will be reviewed at which time all aspects of the assessment can be fully discussed.</li>\r\n\r\n</ol>\r\n\r\n<p style=\"text-align: justify;\"><strong>TERMINATION</strong></p>\r\n\r\n<ol start=\"23\">\r\n\r\n<li style=\"text-align: justify;\">Either party may terminate the contract by giving <strong>{{terminar_notice}} day\'s</strong> <strong>written notice</strong> or <strong>{{terminar_notice}}</strong><strong>&nbsp;day\'s salary in lieu of notice</strong>.<br /><br /></li>\r\n\r\n<li style=\"text-align: justify;\">The employer reserves the right not to give any reasons for termination.<br /><br /></li>\r\n\r\n<li style=\"text-align: justify;\">The employer, however, has the right to <strong>give immediate notice</strong> before terminating services if the employee is guilty of misdemeanor, misconduct, negligence or breach of any of the terms of this Employment contract.<br /><br /></li>\r\n\r\n<li style=\"text-align: justify;\">Upon the termination of the employment employee shall return to the employer all documents, records, items and materials in the possession or custody of employee belonging to the employer or its clients and employee shall not retain any copies (including electronic or soft copies) thereof.<br /><br /></li>\r\n\r\n<li style=\"text-align: justify;\">During the notice period, employee<span style=\"text-align: justify;\"> shall </span>handover<span style=\"text-align: justify;\"> all documents and materials relating to work and ensure a smooth transition of duties and responsibilities. If </span>employee<span style=\"text-align: justify;\"> failed to complete the handover during the notice period, the employer shall be fully entitled to require and compel </span>employee<span style=\"text-align: justify;\"> to </span><strong style=\"text-align: justify;\">stay two (2) more weeks</strong><span style=\"text-align: justify;\"> after the notice period has ended to complete the </span>hand over<span style=\"text-align: justify;\">.</span></li>\r\n\r\n</ol>\r\n\r\n<p><strong>CONFIDENTIALITY</strong></p>\r\n\r\n<ol start=\"28\">\r\n\r\n<li>Employee shall not disclose to any third party any confidential information obtained during the course of employment unless expressly authorized by the employer.<br /><br /></li>\r\n\r\n<li>Confidential information for the purposes of this contract includes and is not limited to trade secrets, business plans, strategies, financial information and any other information that will affect the employer&rsquo;s competitive position.<br /><br /></li>\r\n\r\n<li>Obligations of employee to maintain confidentiality and secrecy shall apply after termination of employment until such time that the information is no longer confidential or has been made public by the employer.<br /><br /></li>\r\n\r\n<li>Employee shall not without prior written consent of the employer destroy, make copies, duplicate or reproduce in any form the employer\'s confidential information.</li>\r\n\r\n</ol>\r\n\r\n<p><strong>NON-SOLICITATION</strong></p>\r\n\r\n<ol start=\"32\">\r\n\r\n<li>It is further acknowledged and agreed that following termination of the employee&rsquo;s employment with the employer for any reason the employee shall not hire or attempt to hire any current employees of the employer.<br /><br /></li>\r\n\r\n<li>It is further acknowledged and agreed that following termination of the employee&rsquo;s employment with the employer for any reason the employee shall not solicit business from current clients or clients who have been retained by the employer in the 6-month period immediately preceding the employee&rsquo;s termination.</li>\r\n\r\n</ol>\r\n\r\n<p><strong>GOVERNING LAW</strong></p>\r\n\r\n<ol start=\"34\">\r\n\r\n<li>This contract shall be governed by the laws of Singapore.</li>\r\n\r\n</ol>\r\n\r\n<p><strong>ENTIRE CONTRACT</strong></p>\r\n\r\n<ol start=\"35\">\r\n\r\n<li>This contract contains the entire agreement between the parties, superseding in all respects any and all prior oral or written agreements or understandings pertaining to the employment of the Employee by the Employer and shall be amended or modified only by written instrument signed by both of the parties hereto</li>\r\n\r\n</ol>\r\n\r\n<p><strong>SEVERABILITY</strong></p>\r\n\r\n<ol start=\"36\">\r\n\r\n<li>The parties hereto agree that in the event any article or part thereof of this contract is held to be unenforceable or invalid then said article or part shall be struck and all remaining provision shall remain in full force and effect.</li>\r\n\r\n</ol>\r\n\r\n<p><strong>CONTRACTS (RIGHTS OF THIRD PARTIES) ACT</strong></p>\r\n\r\n<ol start=\"37\">\r\n\r\n<li>A person who is not party to this Agreement has no rights under the Contracts (Rights of Third Parties) Act, Chapter 53B of Singapore to enforce any term of this Agreement, but this does not affect any right or remedy of a third party which exists or is available apart from the said Act.</li>\r\n\r\n</ol>\r\n\r\n<p>IN WITNESS WHEREOF the Employer has caused this contract to be executed by its duly authorized officers and the Employee has set his hand as of the date first above written.</p>\r\n\r\n<p>SIGNED, SEALED AND DELIVERED in the presence of:</p>\r\n\r\n<p>&nbsp;</p>\r\n\r\n<p>&nbsp;</p>\r\n\r\n<table style=\"border-collapse: collapse; width: 100%;\">\r\n\r\n<tbody>\r\n\r\n<tr>\r\n\r\n<td style=\"width: 50%;\"><br />_______________________</td>\r\n\r\n<td style=\"width: 50%;\"><br />_________________________</td>\r\n\r\n</tr>\r\n\r\n<tr>\r\n\r\n<td style=\"width: 50%;\">{{employer_name}}<br />On behalf of the employer</td>\r\n\r\n<td style=\"width: 50%;\">Name:<br />NRIC/Passport:</td>\r\n\r\n</tr>\r\n\r\n</tbody>\r\n\r\n</table>', 'Employment_Contract'),
(2, '<p style=\"text-align: left;\"><span style=\"font-size: 18pt;\"><strong>PAYSLIP FOR </strong></span><span style=\"text-decoration: underline;\"><span style=\"font-size: 18pt;\"><strong>{{payslip_for}}<br /><br /></strong></span></span></p>\r\n<table style=\"border-collapse: collapse; width: 96.0616%; height: 57px;\">\r\n<tbody>\r\n<tr style=\"line-height: 20px;\">\r\n<td style=\"width: 18.6798%; height: 19px;\"><strong>EMPLOYEE:</strong></td>\r\n<td style=\"width: 82.0261%; border-bottom: 1px solid black; height: 19px;\" colspan=\"3\">&nbsp; &nbsp;{{employee_name}}</td>\r\n</tr>\r\n<tr style=\"line-height: 20px;\">\r\n<td style=\"width: 18.6798%; height: 19px;\"><strong>NRIC/FIN:</strong></td>\r\n<td style=\"width: 33.1559%; border-bottom: 1px solid black; height: 19px;\">&nbsp; &nbsp;{{nric}}</td>\r\n<td style=\"width: 10.1326%; height: 19px;\"><strong>DATE:</strong></td>\r\n<td style=\"width: 38.7376%; border-bottom: 1px solid black; height: 19px;\">&nbsp; &nbsp;{{date}}</td>\r\n</tr>\r\n<tr style=\"line-height: 20px;\">\r\n<td style=\"width: 18.6798%; height: 19px;\"><strong>DEPARTMENT:</strong></td>\r\n<td style=\"width: 33.1559%; border-bottom: 1px solid black; height: 19px;\">&nbsp; &nbsp;{{department}}&nbsp;</td>\r\n<td style=\"width: 10.1326%; height: 19px;\"><strong>PV NO.:</strong></td>\r\n<td style=\"width: 38.7376%; border-bottom: 1px solid black; height: 19px;\">&nbsp; &nbsp;{{pv_no}}</td>\r\n</tr>\r\n</tbody>\r\n</table>\r\n<p>&nbsp;</p>\r\n<table style=\"border-collapse: collapse; width: 95.7937%; height: 326px;\">\r\n<tbody>\r\n<tr style=\"height: 36px;\">\r\n<td style=\"width: 51.005%; height: 36px;\">&nbsp;</td>\r\n<td style=\"width: 21.8911%; text-align: center; height: 36px;\"><strong>SGD</strong></td>\r\n<td style=\"width: 22.6448%; height: 36px; text-align: center;\"><strong>SGD</strong></td>\r\n</tr>\r\n<tr style=\"height: 18px;\">\r\n<td style=\"width: 51.005%; height: 18px;\">BASIC SALARY</td>\r\n<td style=\"width: 21.8911%; height: 18px; text-align: right;\">{{basic_salary}}&nbsp; &nbsp;&nbsp;</td>\r\n<td style=\"width: 22.6448%; height: 18px;\">&nbsp;</td>\r\n</tr>\r\n<tr style=\"height: 18px;\">\r\n<td style=\"width: 51.005%; height: 18px;\">AWS</td>\r\n<td style=\"width: 21.8911%; height: 18px; text-align: right;\">{{aws}}&nbsp; &nbsp;&nbsp;</td>\r\n<td style=\"width: 22.6448%; height: 18px;\">&nbsp;</td>\r\n</tr>\r\n<tr style=\"height: 18px;\">\r\n<td style=\"width: 51.005%; height: 18px;\">BONUS</td>\r\n<td style=\"width: 21.8911%; height: 18px; text-align: right;\">{{bonus}}&nbsp; &nbsp;&nbsp;</td>\r\n<td style=\"width: 22.6448%; height: 18px;\">&nbsp;</td>\r\n</tr>\r\n<tr style=\"height: 18px;\">\r\n<td style=\"width: 51.005%; height: 18px;\">COMMISSION</td>\r\n<td style=\"width: 21.8911%; border-bottom: 1px solid black; height: 18px; text-align: right;\">{{commission}}&nbsp; &nbsp;&nbsp;</td>\r\n<td style=\"width: 22.6448%; height: 18px;\">&nbsp;</td>\r\n</tr>\r\n<tr style=\"height: 18px;\">\r\n<td style=\"width: 51.005%; height: 18px;\">&nbsp;</td>\r\n<td style=\"width: 21.8911%; height: 18px; text-align: right;\">&nbsp;</td>\r\n<td style=\"width: 22.6448%; height: 18px; text-align: right;\">{{total_basic_salary}}&nbsp; &nbsp;&nbsp;</td>\r\n</tr>\r\n<tr style=\"height: 18px;\">\r\n<td style=\"width: 51.005%; height: 18px;\">LESS: CONTRIBUTION BY EMPLOYEE</td>\r\n<td style=\"width: 21.8911%; height: 18px; text-align: right;\">{{contribu_employee}}&nbsp; &nbsp;&nbsp;</td>\r\n<td style=\"width: 22.6448%; height: 18px; text-align: right;\">&nbsp;</td>\r\n</tr>\r\n<tr style=\"height: 18px;\">\r\n<td style=\"width: 51.005%; height: 18px;\">&nbsp; &nbsp; &nbsp; &nbsp; &nbsp; &nbsp;CDAC/MENDAKI/SINDA</td>\r\n<td style=\"width: 21.8911%; height: 18px; text-align: right;\">{{cdac}}&nbsp; &nbsp;&nbsp;</td>\r\n<td style=\"width: 22.6448%; height: 18px; text-align: right;\">&nbsp;</td>\r\n</tr>\r\n<tr style=\"height: 18px;\">\r\n<td style=\"width: 51.005%; height: 18px;\">&nbsp; &nbsp; &nbsp; &nbsp; &nbsp; &nbsp;SALARY ADVANCEMENT&nbsp;</td>\r\n<td style=\"width: 21.8911%; height: 18px; text-align: right;\">{{salary_advance}}&nbsp; &nbsp;&nbsp;</td>\r\n<td style=\"width: 22.6448%; height: 18px; text-align: right;\">&nbsp;</td>\r\n</tr>\r\n<tr style=\"height: 18px;\">\r\n<td style=\"width: 51.005%; height: 18px;\">&nbsp; &nbsp; &nbsp; &nbsp; &nbsp; &nbsp;UNPAID LEAVE</td>\r\n<td style=\"width: 21.8911%; border-bottom: 1px solid black; height: 18px; text-align: right;\">{{unpaid_leave}}&nbsp; &nbsp;&nbsp;</td>\r\n<td style=\"width: 22.6448%; height: 18px; text-align: right;\">&nbsp;</td>\r\n</tr>\r\n<tr style=\"height: 18px;\">\r\n<td style=\"width: 51.005%; height: 18px;\">&nbsp;</td>\r\n<td style=\"width: 21.8911%; height: 18px; text-align: right;\">&nbsp;</td>\r\n<td style=\"width: 22.6448%; height: 18px; text-align: right;\">{{total_less}}&nbsp; &nbsp;&nbsp;</td>\r\n</tr>\r\n<tr style=\"height: 18px;\">\r\n<td style=\"width: 51.005%; height: 18px;\">ADD: HEALTH INCENTIVE</td>\r\n<td style=\"width: 21.8911%; height: 18px; text-align: right;\">{{health_incentive}}&nbsp; &nbsp;&nbsp;</td>\r\n<td style=\"width: 22.6448%; height: 18px; text-align: right;\">&nbsp;</td>\r\n</tr>\r\n<tr style=\"height: 18px;\">\r\n<td style=\"width: 51.005%; height: 18px;\">&nbsp; &nbsp; &nbsp; &nbsp; &nbsp; OTHER INCENTIVE</td>\r\n<td style=\"width: 21.8911%; border-bottom: 1px solid black; height: 18px; text-align: right;\">{{other_incentive}}&nbsp; &nbsp;&nbsp;</td>\r\n<td style=\"width: 22.6448%; height: 18px; text-align: right;\">&nbsp;</td>\r\n</tr>\r\n<tr style=\"height: 18px;\">\r\n<td style=\"width: 51.005%; height: 18px;\">&nbsp;</td>\r\n<td style=\"width: 21.8911%; text-align: center; height: 18px;\">&nbsp;</td>\r\n<td style=\"width: 22.6448%; height: 18px; text-align: right;\">\r\n<div>{{total_add}}&nbsp; &nbsp;&nbsp;</div>\r\n<div class=\"divA\" style=\"border-top: 1px solid #000; line-height: 1px;\">&nbsp;</div>\r\n</td>\r\n</tr>\r\n<tr style=\"height: 18px;\">\r\n<td style=\"width: 51.005%; height: 10px;\"><strong>TOTAL NET REMUNERATION PAYABLE</strong></td>\r\n<td style=\"width: 21.8911%; text-align: center; height: 10px;\">&nbsp;</td>\r\n<td style=\"width: 22.6448%; height: 10px; text-align: right;\">\r\n<div><strong>{{total_net}}&nbsp; &nbsp;&nbsp;</strong></div>\r\n<div class=\"divA\" style=\"border-top: 1px solid #000; border-bottom: 1px solid #000; line-height: 1px;\">&nbsp;</div>\r\n</td>\r\n</tr>\r\n<tr style=\"height: 18px;\">\r\n<td style=\"width: 51.005%; height: 18px;\"><strong>CENTRAL PROFIDENT FUNDS</strong></td>\r\n<td style=\"width: 21.8911%; text-align: center; height: 18px;\">&nbsp;</td>\r\n<td style=\"width: 22.6448%; height: 18px; text-align: right;\">\r\n<div><strong>&nbsp;</strong></div>\r\n</td>\r\n</tr>\r\n<tr style=\"height: 18px;\">\r\n<td style=\"width: 51.005%; height: 18px;\">CONTRIBUTION BY EMPLOYER</td>\r\n<td style=\"width: 21.8911%; text-align: center; height: 18px;\">&nbsp;</td>\r\n<td style=\"width: 22.6448%; height: 18px; text-align: right;\">\r\n<div>{{contribu_employer}}&nbsp; &nbsp;&nbsp;</div>\r\n</td>\r\n</tr>\r\n<tr style=\"height: 18px;\">\r\n<td style=\"width: 51.005%; height: 18px;\">CONTRIBUTION BY EMPLOYEE</td>\r\n<td style=\"width: 21.8911%; text-align: center; height: 18px;\">&nbsp;</td>\r\n<td style=\"width: 22.6448%; height: 18px; text-align: right;\">\r\n<div>{{contribu_employee}}&nbsp; &nbsp;&nbsp;</div>\r\n<div class=\"divA\" style=\"border-top: 1px solid #000; line-height: 1px;\">&nbsp;</div>\r\n</td>\r\n</tr>\r\n<tr>\r\n<td style=\"width: 51.005%;\">CONTRIBUTION IN TOTAL</td>\r\n<td style=\"width: 21.8911%; text-align: center;\">&nbsp;</td>\r\n<td style=\"width: 22.6448%; text-align: right;\">\r\n<div>{{contribution_total}}&nbsp; &nbsp;&nbsp;</div>\r\n<div class=\"divA\" style=\"border-top: 1px solid #000; border-bottom: 1px solid #000; line-height: 1px;\">&nbsp;</div>\r\n</td>\r\n</tr>\r\n<tr style=\"height: 28px;\">\r\n<td style=\"width: 51.005%; height: 28px;\">\r\n<div><br />SKILL DEVELOPMENT LEVY</div>\r\n</td>\r\n<td style=\"width: 21.8911%; text-align: center; height: 28px;\">&nbsp;</td>\r\n<td style=\"width: 22.6448%; height: 28px; text-align: right;\">\r\n<div><br />{{skill_levy}}&nbsp; &nbsp;&nbsp;</div>\r\n<div class=\"divA\" style=\"border-top: 1px solid #000; border-bottom: 1px solid #000; line-height: 1px;\">&nbsp;</div>\r\n</td>\r\n</tr>\r\n<tr>\r\n<td style=\"width: 81.005%;\" colspan=\"2\">\r\n<p>&nbsp;</p>\r\n<p>REMAINING NUMBER OF DAYS OF ANNUAL LEAVE: <strong>{{remaining_num}}</strong></p>\r\n</td>\r\n<td style=\"width: 22.6448%; text-align: right;\">\r\n<div>&nbsp;</div>\r\n</td>\r\n</tr>\r\n<tr>\r\n<td style=\"width: 81.005%;\" colspan=\"2\">\r\n<div>\r\n<p>MODE OF PAYMENT:</p>\r\n</div>\r\n</td>\r\n<td style=\"width: 22.6448%; text-align: right;\">\r\n<div>&nbsp;</div>\r\n</td>\r\n</tr>\r\n</tbody>\r\n</table>', 'Payslip');

-- --------------------------------------------------------

--
-- Table structure for table `products`
--

DROP TABLE IF EXISTS `products`;
CREATE TABLE IF NOT EXISTS `products` (
  `id` int(11) NOT NULL AUTO_INCREMENT,
  PRIMARY KEY (`id`)
) ENGINE=MyISAM DEFAULT CHARSET=utf8;

-- --------------------------------------------------------

--
-- Table structure for table `professional`
--

DROP TABLE IF EXISTS `professional`;
CREATE TABLE IF NOT EXISTS `professional` (
  `id` int(11) NOT NULL AUTO_INCREMENT,
  `applicant_id` int(11) NOT NULL,
  `professional_body` varchar(200) NOT NULL,
  `membership_no` varchar(100) NOT NULL,
  `membership_type` varchar(200) NOT NULL,
  `membership_awarded` varchar(500) NOT NULL,
  `certificate` varchar(500) NOT NULL,
  PRIMARY KEY (`id`)
) ENGINE=MyISAM AUTO_INCREMENT=3 DEFAULT CHARSET=utf8;

--
-- Dumping data for table `professional`
--

INSERT INTO `professional` (`id`, `applicant_id`, `professional_body`, `membership_no`, `membership_type`, `membership_awarded`, `certificate`) VALUES
(1, 12, 'Professional Body', '12345678', 'Temporary', '01/02/2019', '');

-- --------------------------------------------------------

--
-- Table structure for table `referral`
--

DROP TABLE IF EXISTS `referral`;
CREATE TABLE IF NOT EXISTS `referral` (
  `id` int(11) NOT NULL AUTO_INCREMENT,
  `applicant_id` int(11) NOT NULL,
  `name` varchar(200) NOT NULL,
  `company` varchar(200) NOT NULL,
  `job_title` varchar(200) NOT NULL,
  `phoneno` varchar(100) NOT NULL,
  `email` varchar(200) NOT NULL,
  PRIMARY KEY (`id`)
) ENGINE=MyISAM AUTO_INCREMENT=3 DEFAULT CHARSET=utf8;

--
-- Dumping data for table `referral`
--

INSERT INTO `referral` (`id`, `applicant_id`, `name`, `company`, `job_title`, `phoneno`, `email`) VALUES
(1, 12, 'Avalynn', 'SYA PAC', 'Senior Web Developer', '123444657', 'avalynn@gmail.com');

-- --------------------------------------------------------

--
-- Table structure for table `reimbursement`
--

DROP TABLE IF EXISTS `reimbursement`;
CREATE TABLE IF NOT EXISTS `reimbursement` (
  `id` int(11) NOT NULL AUTO_INCREMENT,
  `reimbursement_no` varchar(30) NOT NULL,
  `employee_id` int(11) NOT NULL,
  `client_name` varchar(200) NOT NULL,
  `date` datetime NOT NULL,
  `description` varchar(200) NOT NULL,
  `firm_name` varchar(200) NOT NULL,
  `amount` decimal(10,2) NOT NULL,
  `receipt_img_filename` varchar(200) NOT NULL,
  `invoice_no` varchar(50) NOT NULL,
  `date_applied` timestamp NULL DEFAULT CURRENT_TIMESTAMP,
  `status_id` int(11) NOT NULL,
  `status_updated_by` datetime NOT NULL,
  PRIMARY KEY (`id`)
) ENGINE=MyISAM AUTO_INCREMENT=39 DEFAULT CHARSET=utf8;

--
-- Dumping data for table `reimbursement`
--

INSERT INTO `reimbursement` (`id`, `reimbursement_no`, `employee_id`, `client_name`, `date`, `description`, `firm_name`, `amount`, `receipt_img_filename`, `invoice_no`, `date_applied`, `status_id`, `status_updated_by`) VALUES
(38, 'rh578yay', 2, 'ABC', '2018-01-01 00:00:00', 'Stationary', 'SYA_PAC', '1.00', '', 'GD35SEC', '2018-12-18 07:59:53', 1, '2000-01-23 00:00:00'),
(37, 'rkn324za', 2, 'Avalynn', '2018-12-06 00:00:00', 'Taxi Claim', 'Acumen Bizcorp', '12.00', 'index_php.PNG', 'X46F23', '2018-12-21 06:49:03', 2, '0000-00-00 00:00:00'),
(36, '5ng1k19q', 2, 'ABC', '2018-12-07 00:00:00', 'Taxi Claim', 'SYA_PAC', '24.00', 'Employee.jpeg', 'HG46OE', '2018-12-19 06:49:03', 2, '0000-00-00 00:00:00');

-- --------------------------------------------------------

--
-- Table structure for table `settings`
--

DROP TABLE IF EXISTS `settings`;
CREATE TABLE IF NOT EXISTS `settings` (
  `setting_id` int(1) NOT NULL,
  `logo` varchar(255) NOT NULL,
  `logo2` varchar(255) NOT NULL,
  `site_name` varchar(55) NOT NULL,
  `language` varchar(20) NOT NULL,
  `default_warehouse` int(2) NOT NULL,
  `accounting_method` tinyint(4) NOT NULL DEFAULT '0',
  `default_currency` varchar(3) NOT NULL,
  `default_tax_rate` int(2) NOT NULL,
  `rows_per_page` int(2) NOT NULL,
  `version` varchar(10) NOT NULL DEFAULT '1.0',
  `default_tax_rate2` int(11) NOT NULL DEFAULT '0',
  `dateformat` int(11) NOT NULL,
  `sales_prefix` varchar(20) DEFAULT NULL,
  `quote_prefix` varchar(20) DEFAULT NULL,
  `purchase_prefix` varchar(20) DEFAULT NULL,
  `transfer_prefix` varchar(20) DEFAULT NULL,
  `delivery_prefix` varchar(20) DEFAULT NULL,
  `payment_prefix` varchar(20) DEFAULT NULL,
  `return_prefix` varchar(20) DEFAULT NULL,
  `expense_prefix` varchar(20) DEFAULT NULL,
  `belibahan` varchar(3) NOT NULL,
  `trans_toko` varchar(19) NOT NULL,
  `item_addition` tinyint(1) NOT NULL DEFAULT '0',
  `theme` varchar(20) NOT NULL,
  `product_serial` tinyint(4) NOT NULL,
  `default_discount` int(11) NOT NULL,
  `product_discount` tinyint(1) NOT NULL DEFAULT '0',
  `discount_method` tinyint(4) NOT NULL,
  `tax1` tinyint(4) NOT NULL,
  `tax2` tinyint(4) NOT NULL,
  `overselling` tinyint(1) NOT NULL DEFAULT '0',
  `restrict_user` tinyint(4) NOT NULL DEFAULT '0',
  `restrict_calendar` tinyint(4) NOT NULL DEFAULT '0',
  `timezone` varchar(100) DEFAULT NULL,
  `iwidth` int(11) NOT NULL DEFAULT '0',
  `iheight` int(11) NOT NULL,
  `twidth` int(11) NOT NULL,
  `theight` int(11) NOT NULL,
  `watermark` tinyint(1) DEFAULT NULL,
  `reg_ver` tinyint(1) DEFAULT NULL,
  `allow_reg` tinyint(1) DEFAULT NULL,
  `reg_notification` tinyint(1) DEFAULT NULL,
  `auto_reg` tinyint(1) DEFAULT NULL,
  `protocol` varchar(20) NOT NULL DEFAULT 'mail',
  `mailpath` varchar(55) DEFAULT '/usr/sbin/sendmail',
  `smtp_host` varchar(100) DEFAULT NULL,
  `smtp_user` varchar(100) DEFAULT NULL,
  `smtp_pass` varchar(255) DEFAULT NULL,
  `smtp_port` varchar(10) DEFAULT '25',
  `smtp_crypto` varchar(10) DEFAULT NULL,
  `corn` datetime DEFAULT NULL,
  `customer_group` int(11) NOT NULL,
  `default_email` varchar(100) NOT NULL,
  `mmode` tinyint(1) NOT NULL,
  `bc_fix` tinyint(4) NOT NULL DEFAULT '0',
  `auto_detect_barcode` tinyint(1) NOT NULL DEFAULT '0',
  `captcha` tinyint(1) NOT NULL DEFAULT '1',
  `reference_format` tinyint(1) NOT NULL DEFAULT '1',
  `racks` tinyint(1) DEFAULT '0',
  `attributes` tinyint(1) NOT NULL DEFAULT '0',
  `product_expiry` tinyint(1) NOT NULL DEFAULT '0',
  `decimals` tinyint(2) NOT NULL DEFAULT '2',
  `decimals_sep` varchar(2) NOT NULL DEFAULT '.',
  `thousands_sep` varchar(2) NOT NULL DEFAULT ',',
  `invoice_view` tinyint(1) DEFAULT '0',
  `default_biller` int(11) DEFAULT NULL,
  `en_username` varchar(50) DEFAULT NULL,
  `purchase_code` varchar(100) DEFAULT NULL,
  `rtl` tinyint(1) DEFAULT '0',
  `each_spent` decimal(15,4) DEFAULT NULL,
  `ca_point` tinyint(4) DEFAULT NULL,
  `each_sale` decimal(15,4) DEFAULT NULL,
  `sa_point` tinyint(4) DEFAULT NULL,
  `update` tinyint(1) DEFAULT '0',
  `sac` tinyint(1) DEFAULT '0',
  PRIMARY KEY (`setting_id`)
) ENGINE=MyISAM DEFAULT CHARSET=utf8;

--
-- Dumping data for table `settings`
--

INSERT INTO `settings` (`setting_id`, `logo`, `logo2`, `site_name`, `language`, `default_warehouse`, `accounting_method`, `default_currency`, `default_tax_rate`, `rows_per_page`, `version`, `default_tax_rate2`, `dateformat`, `sales_prefix`, `quote_prefix`, `purchase_prefix`, `transfer_prefix`, `delivery_prefix`, `payment_prefix`, `return_prefix`, `expense_prefix`, `belibahan`, `trans_toko`, `item_addition`, `theme`, `product_serial`, `default_discount`, `product_discount`, `discount_method`, `tax1`, `tax2`, `overselling`, `restrict_user`, `restrict_calendar`, `timezone`, `iwidth`, `iheight`, `twidth`, `theight`, `watermark`, `reg_ver`, `allow_reg`, `reg_notification`, `auto_reg`, `protocol`, `mailpath`, `smtp_host`, `smtp_user`, `smtp_pass`, `smtp_port`, `smtp_crypto`, `corn`, `customer_group`, `default_email`, `mmode`, `bc_fix`, `auto_detect_barcode`, `captcha`, `reference_format`, `racks`, `attributes`, `product_expiry`, `decimals`, `decimals_sep`, `thousands_sep`, `invoice_view`, `default_biller`, `en_username`, `purchase_code`, `rtl`, `each_spent`, `ca_point`, `each_sale`, `sa_point`, `update`, `sac`) VALUES
(1, 'logo.jpg', 'dot.ico', 'PAYROLL SYSTEM', 'english', 1, 2, 'IDR', 1, 10, '3.0.1.13', 3, 4, 'SALE', 'QUOTE', 'PO', 'TR', 'DO', 'IPAY', 'RETURNSL', 'EX', 'PB', 'TR', 0, 'default', 0, 1, 1, 1, 1, 0, 1, 1, 0, 'Asia/Kuala_Lumpur', 800, 800, 60, 60, 1, 0, 1, 0, NULL, 'mail', '/usr/sbin/sendmail', 'pop.gmail.com', 'contact@me.com', 'jEFTM4T63AiQ9dsidxhPKt9CIg4HQjCN58n/RW9vmdC/UDXCzRLR469ziZ0jjpFlbOg43LyoSmpJLBkcAHh0Yw==', '25', NULL, NULL, 1, 'enquiry@acumenbizcorp.com.sg', 0, 4, 0, 0, 4, 0, 0, 0, 0, '.', ',', 0, 1905, 'adf', 'asdf', 0, NULL, NULL, NULL, NULL, 0, 0);

-- --------------------------------------------------------

--
-- Table structure for table `timesheet`
--

DROP TABLE IF EXISTS `timesheet`;
CREATE TABLE IF NOT EXISTS `timesheet` (
  `id` int(11) NOT NULL AUTO_INCREMENT,
  `timesheet_no` varchar(30) NOT NULL,
  `month` date NOT NULL,
  `employee_id` int(11) NOT NULL,
  `status_id` int(11) NOT NULL,
  `content` longtext NOT NULL,
  PRIMARY KEY (`id`)
) ENGINE=MyISAM AUTO_INCREMENT=3 DEFAULT CHARSET=utf8;

--
-- Dumping data for table `timesheet`
--

INSERT INTO `timesheet` (`id`, `timesheet_no`, `month`, `employee_id`, `status_id`, `content`) VALUES
(1, '2ype8iii', '2018-10-01', 2, 1, '[[\"\",\"1.0\",\"\",\"\",\"\",\"\",\"\",\"\",\"\",\"\",\"\",\"\",\"\",\"\",\"\",\"\",\"\",\"\",\"\",\"\",\"\",\"\",\"\",\"\",\"\",\"\",\"\",\"\",\"\",\"\",\"\",\"\",\"1.0\",\"\",\"1.0\"],[\"\",\"\",\"\",\"\",\"\",\"\",\"\",\"\",\"\",\"\",\"\",\"\",\"\",\"\",\"\",\"\",\"\",\"\",\"\",\"\",\"\",\"\",\"\",\"\",\"\",\"\",\"\",\"\",\"\",\"\",\"1.0\",\"2.0\",\"3.0\",\"\",\"3.0\"],[\"\",\"\",\"\",\"\",\"\",\"\",\"\",\"\",\"\",\"\",\"\",\"\",\"\",\"\",\"\",\"\",\"\",\"\",\"\",\"\",\"\",\"\",\"\",\"\",\"\",\"\",\"\",\"\",\"\",\"\",\"\",\"\",\"0.0\",\"\",\"0.0\"],[\"\",\"\",\"\",\"\",\"\",\"\",\"\",\"\",\"\",\"\",\"\",\"\",\"\",\"\",\"\",\"\",\"\",\"\",\"\",\"\",\"\",\"\",\"\",\"\",\"\",\"\",\"\",\"\",\"\",\"\",\"\",\"\",\"0.0\",\"\",\"0.0\"],[\"Total\",\"1.0\",\"\",\"\",\"\",\"\",\"\",\"\",\"\",\"\",\"\",\"\",\"\",\"\",\"\",\"\",\"\",\"\",\"\",\"\",\"\",\"\",\"\",\"\",\"\",\"\",\"\",\"\",\"\",\"\",\"1.0\",\"2.0\",\"4.0\",\"\",\"1.0\"]]'),
(2, '8y1kis2y', '2019-03-01', 2, 2, '[[\"ABC\",\"1.0\",\"\",\"\",\"\",\"\",\"\",\"\",\"\",\"\",\"\",\"\",\"\",\"\",\"\",\"\",\"\",\"\",\"\",\"\",\"\",\"\",\"\",\"\",\"\",\"\",\"\",\"\",\"\",\"1\",\"\",\"\",\"2.0\",\"\",\"2.0\"],[\"Ping Tan\",\"2.2\",\"\",\"\",\"\",\"\",\"\",\"\",\"\",\"\",\"\",\"\",\"\",\"\",\"\",\"\",\"\",\"\",\"\",\"\",\"\",\"\",\"\",\"\",\"\",\"\",\"\",\"\",\"\",\"\",\"\",\"\",\"2.2\",\"\",\"2.2\"],[\"\",\"\",\"\",\"\",\"\",\"\",\"\",\"\",\"\",\"\",\"\",\"\",\"\",\"\",\"\",\"\",\"\",\"\",\"\",\"\",\"\",\"\",\"\",\"\",\"\",\"\",\"\",\"\",\"\",\"\",\"\",\"\",\"\",\"\",\"\"],[\"\",\"\",\"\",\"\",\"\",\"\",\"\",\"\",\"\",\"\",\"\",\"\",\"\",\"\",\"\",\"\",\"\",\"\",\"\",\"\",\"\",\"\",\"\",\"\",\"\",\"\",\"\",\"\",\"\",\"\",\"\",\"\",\"\",\"\",\"\"],[\"\",\"\",\"\",\"\",\"\",\"\",\"\",\"\",\"\",\"\",\"\",\"\",\"\",\"\",\"\",\"\",\"\",\"\",\"\",\"\",\"\",\"\",\"\",\"\",\"\",\"\",\"\",\"\",\"\",\"\",\"\",\"\",\"\",\"\",\"\"],[\"Total\",\"3.2\",\"\",\"\",\"\",\"\",\"\",\"\",\"\",\"\",\"\",\"\",\"\",\"\",\"\",\"\",\"\",\"\",\"\",\"\",\"\",\"\",\"\",\"\",\"\",\"\",\"\",\"\",\"\",\"1.0\",\"\",\"\",\"4.2\",\"\",\"\"]]');

-- --------------------------------------------------------

--
-- Table structure for table `users`
--

DROP TABLE IF EXISTS `users`;
CREATE TABLE IF NOT EXISTS `users` (
  `id` int(11) UNSIGNED NOT NULL AUTO_INCREMENT,
  `ip_address` varchar(45) NOT NULL,
  `username` varchar(100) DEFAULT NULL,
  `password` varchar(255) NOT NULL,
  `salt` varchar(255) DEFAULT NULL,
  `email` varchar(254) NOT NULL,
  `activation_code` varchar(40) DEFAULT NULL,
  `forgotten_password_code` varchar(40) DEFAULT NULL,
  `forgotten_password_time` int(11) UNSIGNED DEFAULT NULL,
  `remember_code` varchar(40) DEFAULT NULL,
  `created_on` int(11) UNSIGNED NOT NULL,
  `last_login` int(11) UNSIGNED DEFAULT NULL,
  `active` tinyint(1) UNSIGNED DEFAULT NULL,
  `first_name` varchar(50) DEFAULT NULL,
  `last_name` varchar(50) DEFAULT NULL,
  `company` varchar(100) DEFAULT NULL,
  `phone` varchar(20) DEFAULT NULL,
  PRIMARY KEY (`id`)
) ENGINE=InnoDB AUTO_INCREMENT=49 DEFAULT CHARSET=utf8;

--
-- Dumping data for table `users`
--

INSERT INTO `users` (`id`, `ip_address`, `username`, `password`, `salt`, `email`, `activation_code`, `forgotten_password_code`, `forgotten_password_time`, `remember_code`, `created_on`, `last_login`, `active`, `first_name`, `last_name`, `company`, `phone`) VALUES
(1, '127.0.0.1', 'administrator', '$2y$08$rNQ7bic2gIYLzMkwvWUOQO0Mn.tbTjGSCb5dazImOO.qdqWv2cJaO', '', 'admin@admin.com', '', NULL, NULL, NULL, 1268889823, 1563942958, 1, 'Admin', 'istrator', 'ADMIN', '0'),
(2, '::1', 'admin', '$2y$08$20SZ.FybTlmWT6maBbH9O.uNvOXArODzPYlhhAjVvEh6VqfXKy1UO', NULL, 'admin@gmail.com', NULL, 'qHn4T5JLkmtu8zMpol8kLOe7d154b7f11ab64ab1', 1541196974, NULL, 1541164790, 1563943103, 1, 'Admin', 'A', NULL, NULL),
(3, '::1', 'admin', '$2y$08$yjUojesfPYuI.cq91L7EMOrhcjVlqfUbCOu54JWcGrP5TNb8unr0y', NULL, 'admin@hotmail.com', NULL, NULL, NULL, NULL, 1541166494, 1545666236, 1, 'Admin', 'T', NULL, NULL),
(34, '::1', 'avalynn', '$2y$08$TA5wucrBhI2CB9E1iSZOY.2cV8L8oRRThRpFdwDyifS63wTTp8mly', NULL, 'avalynn@gmail.com', NULL, 'sC8YjaWgFlFCsmzb0SNu4e34fbbc3379033a70f1', 1559109829, NULL, 1544088921, 1559109920, 1, 'Avalynn', 'Tan', NULL, NULL),
(44, '::1', 'lily', '$2y$08$oDcmQqRP4SIoig01dPaaJ.Woa5HW2anpA/c4E/fBH92tJ8o1W/.lO', NULL, 'lily@gmail.com', NULL, NULL, NULL, NULL, 1546023670, NULL, 1, 'Lily', 'Chan', NULL, NULL),
(45, '::1', 'test', '$2y$08$t.pm/FQWHw1IndAbGDFqresKuXij3G8XCYv25nBYlwaMgpysd2V7K', NULL, 'test@gmail.com', NULL, NULL, NULL, NULL, 1546023793, NULL, 1, 'Test', 'Test', NULL, NULL),
(48, '::1', 'shane', '$2y$08$sBxFeTox/b0ZDqsCssfECe62gxVjXoe1Tf6TfyGHg0qp9BZTHFP3i', NULL, 'shane@gmail.com', NULL, NULL, NULL, NULL, 1548149068, NULL, 1, 'Shane', 'Leong', NULL, NULL);

-- --------------------------------------------------------

--
-- Table structure for table `users_groups`
--

DROP TABLE IF EXISTS `users_groups`;
CREATE TABLE IF NOT EXISTS `users_groups` (
  `id` int(11) UNSIGNED NOT NULL AUTO_INCREMENT,
  `user_id` int(11) UNSIGNED NOT NULL,
  `group_id` mediumint(8) UNSIGNED NOT NULL,
  PRIMARY KEY (`id`),
  UNIQUE KEY `uc_users_groups` (`user_id`,`group_id`),
  KEY `fk_users_groups_users1_idx` (`user_id`),
  KEY `fk_users_groups_groups1_idx` (`group_id`)
) ENGINE=InnoDB AUTO_INCREMENT=48 DEFAULT CHARSET=utf8;

--
-- Dumping data for table `users_groups`
--

INSERT INTO `users_groups` (`id`, `user_id`, `group_id`) VALUES
(1, 1, 1),
(2, 1, 2),
(3, 2, 1),
(4, 3, 1),
(35, 34, 2),
(45, 44, 2),
(47, 48, 3);

-- --------------------------------------------------------

--
-- Table structure for table `user_employee`
--

DROP TABLE IF EXISTS `user_employee`;
CREATE TABLE IF NOT EXISTS `user_employee` (
  `id` int(11) NOT NULL AUTO_INCREMENT,
  `employee_id` int(11) NOT NULL,
  `user_id` int(11) NOT NULL,
  PRIMARY KEY (`id`)
) ENGINE=MyISAM AUTO_INCREMENT=11 DEFAULT CHARSET=utf8;

--
-- Dumping data for table `user_employee`
--

INSERT INTO `user_employee` (`id`, `employee_id`, `user_id`) VALUES
(1, 2, 34),
(10, 13, 48),
(7, 1, 45),
(6, 3, 44);

-- --------------------------------------------------------

--
-- Table structure for table `user_firm`
--

DROP TABLE IF EXISTS `user_firm`;
CREATE TABLE IF NOT EXISTS `user_firm` (
  `id` int(11) NOT NULL AUTO_INCREMENT,
  `user_admin_code_id` int(11) NOT NULL,
  `user_id` int(20) NOT NULL,
  `firm_id` int(20) NOT NULL,
  `default_company` int(10) NOT NULL,
  `in_use` int(10) NOT NULL,
  `client_module` varchar(15) NOT NULL,
  `company_info_module` varchar(15) NOT NULL,
  `officer_module` varchar(15) NOT NULL,
  `member_module` varchar(15) NOT NULL,
  `controller_module` varchar(15) NOT NULL,
  `charges_module` varchar(15) NOT NULL,
  `filing_module` varchar(15) NOT NULL,
  `register_module` varchar(15) NOT NULL,
  `setup_module` varchar(15) NOT NULL,
  `person_module` varchar(15) NOT NULL,
  `document_module` varchar(15) NOT NULL,
  `pending_module` varchar(15) NOT NULL,
  `all_module` varchar(15) NOT NULL,
  `master_module` varchar(15) NOT NULL,
  `reminder_module` varchar(15) NOT NULL,
  `report_module` varchar(15) NOT NULL,
  `billing_module` varchar(15) NOT NULL,
  `unpaid_module` varchar(15) NOT NULL,
  `paid_module` varchar(15) NOT NULL,
  `receipt_module` varchar(15) NOT NULL,
  `template_module` varchar(15) NOT NULL,
  `user_deleted` int(11) NOT NULL,
  PRIMARY KEY (`id`)
) ENGINE=MyISAM DEFAULT CHARSET=latin1;

--
-- Constraints for dumped tables
--

--
-- Constraints for table `users_groups`
--
ALTER TABLE `users_groups`
  ADD CONSTRAINT `fk_users_groups_groups1` FOREIGN KEY (`group_id`) REFERENCES `groups` (`id`) ON DELETE CASCADE ON UPDATE NO ACTION,
  ADD CONSTRAINT `fk_users_groups_users1` FOREIGN KEY (`user_id`) REFERENCES `users` (`id`) ON DELETE CASCADE ON UPDATE NO ACTION;
COMMIT;

/*!40101 SET CHARACTER_SET_CLIENT=@OLD_CHARACTER_SET_CLIENT */;
/*!40101 SET CHARACTER_SET_RESULTS=@OLD_CHARACTER_SET_RESULTS */;
/*!40101 SET COLLATION_CONNECTION=@OLD_COLLATION_CONNECTION */;
